Date,^GSPC,GLD
2010-01-05,-0.0009108014323097047,0.0031156762470601063
2010-01-06,0.016499590241556783,0.0005455205267743679
2010-01-07,-0.006187803673431969,0.004001201206520033
2010-01-08,0.004963030138964042,0.0028817272377106296
2010-01-11,0.013288991291488195,0.001746755432352698
2010-01-12,-0.02091271636531178,-0.009381165484684484
2010-01-13,0.009503149778317566,0.008325925649479649
2010-01-14,0.004393024884408847,0.0024264252400085784
2010-01-15,-0.010443613411082908,-0.010823130472199405
2010-01-19,0.005953418672619337,0.012499626451335732
2010-01-20,-0.02313481948892082,-0.010597829314099472
2010-01-21,-0.014411593273148782,-0.01894490374780211
2010-01-22,-0.0018627642210273798,-0.022140988143826923
2010-01-25,0.002892647250026137,0.004598097525114531
2010-01-26,0.0007442779844357705,-0.004203199254278256
2010-01-27,-0.009576041457345363,0.004880152160628315
2010-01-28,-0.0004693138127224161,-0.01181774123006829
2010-01-29,-0.004883583634008759,-0.009829173665047541
2010-02-01,0.02255567216454968,0.014266108627050356
2010-02-02,0.007198883381613008,0.012972948489615277
2010-02-03,-0.003940254850368974,-0.005474311437853818
2010-02-04,-0.03983435252532708,-0.03114067794630382
2010-02-05,0.0029701733361069405,0.0028971188714779217
2010-02-08,-0.006113861291555223,-0.0088632903356195
2010-02-09,0.013168041011456744,0.013040132984841302
2010-02-10,-0.0027511715111974144,-0.0022325738476146606
2010-02-11,0.019120946942895456,0.009680437729113311
2010-02-12,-0.0008400634978081856,-0.0027445928765688077
2010-02-16,0.024103157472877834,0.018000748314746184
2010-02-17,-0.003375323753640136,0.004237959777133149
2010-02-18,0.006681949656750508,0.0065847422344067486
2010-02-19,-0.004637224823498154,0.0021866220917099444
2010-02-22,-0.0036539782255049502,-0.0010458576719368784
2010-02-23,-0.010818749426973362,-0.01210280943219999
2010-02-24,-0.00491239229689866,0.009720458828148315
2010-02-25,0.008848705208190033,-0.0020810403358639817
2010-02-26,0.010340707420195994,0.0014053793342496679
2010-03-01,0.0,0.010158508543839373
2010-03-02,0.0145298090103263,0.002330442579959957
2010-03-03,0.005494505642978931,0.0004292011827464748
2010-03-04,-0.0071664876959550705,0.0037361183549113886
2010-03-05,-0.00018049264313835245,0.014007480525942029
2010-03-08,-0.00839275351308999,-0.0001755958624785059
2010-03-09,-0.0014560976007308435,0.001712736934563086
2010-03-10,-0.011392635696385045,0.004524559798065209
2010-03-11,0.0011984603927495119,0.004041519418146455
2010-03-12,-0.005985276353320024,-0.00021734594708366917
2010-03-15,0.0037980918146760523,0.0004521952404124008
2010-03-16,0.01882614415996553,0.007779116150410603
2010-03-17,-0.007337010736648386,0.005821675803430404
2010-03-18,0.006843690367503985,-0.0003258461278053959
2010-03-19,-0.018669540281658126,-0.005086446757935237
2010-03-22,-0.004894708209223442,0.005095296902933644
2010-03-23,0.005290023201856009,0.007170966604260531
2010-03-24,-0.018648421344165333,-0.005493304000523391
2010-03-25,0.004515484350456678,-0.0017041679935436704
2010-03-26,0.016950711902516513,0.0007377231560947717
2010-03-29,0.0014734690661559746,0.005683235063929981
2010-03-30,-0.0071724045977011874,4.26595193032675e-05
2010-03-31,0.009076558219166753,-0.0032728749005279667
2010-04-01,0.012023910381567138,0.007413801253306929
2010-04-05,0.005713740146676249,0.007927990145379704
2010-04-06,0.0012625124110605679,0.0016842957112557233
2010-04-07,0.013149590319279314,-0.005876706977002377
2010-04-08,0.0014223842372189655,0.003374341549615467
2010-04-09,0.00878825550309359,0.006683906808899298
2010-04-12,-0.005543796247305499,0.0017666091821069152
2010-04-13,-0.0028316077722040367,0.0006854013553991845
2010-04-14,0.0030170999553269517,0.01115006636068383
2010-04-15,0.005485295987660788,0.0008425391151687389
2010-04-16,-0.021205490167963248,-0.016126534692145977
2010-04-19,-0.0008090255449303418,0.004521331547225005
2010-04-20,0.002788996800917598,0.00805834043592868
2010-04-21,0.007626045286434957,-0.0010189972871791353
2010-04-22,-0.0041848633992496165,0.002263879739927921
2010-04-23,0.012070869530431683,0.0071235198081900375
2010-04-26,-0.0038872867941111,-0.004296447715729346
2010-04-27,0.016674031042128723,-0.023381945344073785
2010-04-28,-0.0027915816834577223,0.0064627520693814056
2010-04-29,-0.00026243548705151554,0.012943228070565027
2010-04-30,0.009450490107197007,-0.01664768020452545
2010-05-03,0.003207368210754513,0.013120587326188371
2010-05-04,-0.007431089412483605,-0.023838465690961486
2010-05-05,0.0019151475080922964,-0.006586555179002418
2010-05-06,0.02954211589337441,-0.03235349666924059
2010-05-07,-0.0018567052385298766,-0.015308264532732041
2010-05-10,-0.0059186354760794035,0.04397412391989186
2010-05-11,0.026282248873011893,-0.0033972916695661493
2010-05-12,0.006132918742485671,0.013739524017476024
2010-05-13,-0.006919307958495824,-0.012145145361418752
2010-05-14,-0.0015759373187779202,-0.018800013917957714
2010-05-17,-0.008390811454910385,0.001109367903013414
2010-05-18,0.0010891169479798624,-0.014195905533764819
2010-05-19,-0.02393506609649454,-0.005130263872784702
2010-05-20,-0.006773566152110999,-0.03897590340359691
2010-05-21,-0.005352166966580363,0.015024380136833049
2010-05-24,0.01406001550026037,-0.01290801401279118
2010-05-25,0.004450573586120221,0.00035393749499879057
2010-05-26,0.009458077629021178,-0.005660994418993037
2010-05-27,0.0018570186388366938,0.03287617361386985
2010-05-28,0.0016007666762023476,-0.012374688838225678
2010-06-01,0.00866425829401729,-0.017165321060371275
2010-06-02,-0.0010841881049390434,0.025842707182958558
2010-06-03,-0.01519452341955696,0.004051376554328412
2010-06-04,0.010427288999892426,-0.03441142561782218
2010-06-07,0.01929688699896137,-0.013532073033900138
2010-06-08,-0.004033237369877929,0.010976067206398987
2010-06-09,-0.0036363801652893324,-0.005941675141242886
2010-06-10,-0.013188429216795416,0.029506793415586596
2010-06-11,0.008741707920133512,0.004379678838567713
2010-06-14,-0.0034164152417895943,-0.0018046638359398015
2010-06-15,0.011622073772944441,0.0234941905807744
2010-06-16,-0.005454963310272953,-0.0005559346602214132
2010-06-17,0.013047452621167466,0.0012830084237940298
2010-06-18,0.007629204140620072,0.0013171310603847797
2010-06-21,-0.01986487796361025,-0.0038568415150034285
2010-06-22,0.008804701460293218,-0.016070690610370142
2010-06-23,-0.004116920645127697,-0.002985474271080313
2010-06-24,0.002893807430189632,-0.016803502934565784
2010-06-25,0.012036265159861559,0.0028593627291884083
2010-06-28,-0.013603828387034445,-0.00203393883470826
2010-06-29,0.0014865059538031744,-0.031017018598061608
2010-06-30,0.003380910448938179,-0.010112970209682381
2010-07-01,-0.03813279914529921,-0.003240451850062165
2010-07-02,0.012388901124496643,-0.004662368984213905
2010-07-06,-0.016710237432867592,0.0053590349008354465
2010-07-07,0.010471212591687928,0.031330816442115994
2010-07-08,-0.0044169199587975605,0.0094126777252459
2010-07-09,0.009811466682121628,0.007203887876664261
2010-07-12,-0.008617818446959968,0.0007329019894830591
2010-07-13,0.008692730823000927,0.015378879258400868
2010-07-14,-0.0005069111143383154,-0.0001551317447318068
2010-07-15,-0.0005917159613259004,0.0011961028400810925
2010-07-16,-0.01319466261030211,-0.028819472837069093
2010-07-19,-0.008056869941833633,0.0059818899501262734
2010-07-20,0.007949528870227374,0.01141655075845982
2010-07-21,-0.006858156761968992,-0.012819816015428365
2010-07-22,0.008718196093538078,0.022513373129380954
2010-07-23,-0.006589123681421172,0.008220020333664868
2010-07-26,-0.004909975188559734,0.011200166523855248
2010-07-27,-0.017399541656844097,-0.001049357395455086
2010-07-28,0.002378618581999614,-0.006921964766345989
2010-07-29,0.0044823519465841954,-0.004158621481387237
2010-07-30,0.010499579923881397,6.349985761477939e-05
2010-08-02,0.0004329639004756469,0.022022521358515457
2010-08-03,0.0038947290644388843,-0.0047963548504657005
2010-08-04,0.006293671976785431,0.006051112253889768
2010-08-05,0.0022275702345135873,-0.0012685240167891187
2010-08-06,0.007351624020731196,-0.0037040386756750365
2010-08-09,-0.0037338256528793856,0.005483064011406524
2010-08-10,0.0028109113660832463,-0.005967405072993426
2010-08-11,-0.003312723945144147,-0.028178765041525722
2010-08-12,0.012186816505431075,-0.005378749443292308
2010-08-13,-0.00025258062438116013,-0.004023574035265098
2010-08-16,0.00833758646349314,0.00012045865184151516
2010-08-17,0.00016701745175762284,0.012192215845243437
2010-08-18,0.00392485177453028,0.0014827786096358597
2010-08-19,0.0014140575493757357,-0.016935391920922638
2010-08-20,-0.0034886452652932443,-0.0036630290914949626
2010-08-23,-0.0015837459232829199,-0.0040403066543293065
2010-08-24,0.004842227457356962,-0.014512432747795012
2010-08-25,0.008308408039976678,0.0032893428051439244
2010-08-26,-0.0032959953584706936,-0.007684786122000409
2010-08-27,0.00041338459336470734,0.016586768282706776
2010-08-30,-0.0008263614440729983,-0.01471920880381472
2010-08-31,0.009676602111434951,0.0003907943244529921
2010-09-01,-0.003194626422106439,0.02950462132808873
2010-09-02,0.004930552963586798,0.009080836299370842
2010-09-03,-0.00351623187900707,0.01321900221746275
2010-09-07,0.006893123199629647,-0.011471189835572382
2010-09-08,8.151589441363072e-05,0.006438699094112543
2010-09-09,-0.00937169757453915,0.004832290465807132
2010-09-10,0.001398527499153257,0.004863332733231918
2010-09-13,-0.0009036391792416332,0.011130615523951004
2010-09-14,0.019733546627194176,-0.0007131188010386369
2010-09-15,-0.0006450169483555035,0.003541138243678077
2010-09-16,0.005567169508356118,-0.0003643435694442587
2010-09-17,-0.0007221054494609414,0.0008268560915183354
2010-09-20,0.002649767121809976,0.015209797099417388
2010-09-21,0.009129486446797008,-0.0025640207051630393
2010-09-22,0.0015077771366116544,-0.0048254925161528295
2010-09-23,0.0007924405893606767,-0.008331340373092244
2010-09-24,0.003087877994745636,0.021194392870525602
2010-09-27,0.00023679058746872705,-0.005667432552981189
2010-09-28,0.008917274235185735,0.0048503859661404025
2010-09-29,0.000782158792055565,-0.0025877591067353656
2010-09-30,-0.0003125674164727865,-0.0030837219795710746
2010-10-01,0.007817996784676984,0.004416438149671853
2010-10-04,-0.003490784159777105,-0.008034932544972562
2010-10-05,0.01969483000261696,0.020861340857339927
2010-10-06,0.006259966170701459,-0.0006720043075597593
2010-10-07,-0.010924838948863536,-0.0016465184856065962
2010-10-08,0.009894983887972275,0.006122277462986103
2010-10-11,0.004784968713809068,0.00014583701368908741
2010-10-12,-0.002494413919879479,0.003818757256558447
2010-10-13,0.015989692998424676,0.007121020249775345
2010-10-14,0.0050719248489334845,-0.0036413862043912504
2010-10-15,-0.0079406827458256,0.002027484755095399
2010-10-18,0.0044883754594451375,0.0072437449964553036
2010-10-19,-0.031054498295014055,-0.01587725065139378
2010-10-20,0.009299869269849603,0.010524075604616323
2010-10-21,-0.014087769581066278,0.0017739086226504774
2010-10-22,0.002008148590344039,0.0023892582787754524
2010-10-25,0.008633392696628217,0.0021469715441615467
2010-10-26,0.00022926250381671842,1.688568013724634e-05
2010-10-27,-0.010391205287622163,-0.0026905839543547305
2010-10-28,0.013279809657819275,0.0011248493002813387
2010-10-29,0.010515010266876956,-0.00043928684997274203
2010-11-01,-0.005278216154358861,0.0009465332982900865
2010-11-02,0.0043208536131118525,0.007759284149684742
2010-11-03,-0.006943904938338519,0.0036780542394789784
2010-11-04,0.033898242477101936,0.01928286316073291
2010-11-05,0.002573005973483866,0.003922752992119749
2010-11-08,0.01026539044341579,-0.002120957744343066
2010-11-09,-0.01589492681009541,-0.00805230002043733
2010-11-10,0.012169105750250209,0.004376081172716262
2010-11-11,0.003060324866645203,-0.004242126646571309
2010-11-12,-0.028839182657586004,-0.011808492130023551
2010-11-15,-0.009499618378343677,-0.001217435684725765
2010-11-16,-0.010949985061923906,-0.01620541348361515
2010-11-17,-0.004504817862832411,0.0002121628793163577
2010-11-18,0.013115438981613492,0.015357312994466854
2010-11-19,0.0008327731344621725,0.002540373154185316
2010-11-22,0.009682292201564913,-0.001575366150306623
2010-11-23,0.006967396073341403,-0.0142840333313774
2010-11-24,-0.0017112639919274475,0.014922968247151669
2010-11-26,-0.007974303590848941,-0.007468562756494768
2010-11-29,0.0030049883329201776,-0.0013788582200331412
2010-11-30,0.014306067497043884,-0.006070216996108546
2010-12-01,-0.00029532565788381593,0.02161695475902703
2010-12-02,-0.0013296498253195788,0.012818562514781418
2010-12-03,0.021227885086417597,0.0026032368623825075
2010-12-06,0.007532367257720329,-0.0012982388080698959
2010-12-07,-0.01876213774162805,0.000515080288586045
2010-12-08,-0.012527523809523933,0.003701760163432155
2010-12-09,0.004303004897403762,0.0038427483054028766
2010-12-10,0.0002955529399260026,0.0060016415247363675
2010-12-13,0.004726379005202563,4.8320702064064136e-05
2010-12-14,0.0009554575313017732,0.0009109564480331844
2010-12-15,-0.010867940050488967,-0.00512245280178103
2010-12-16,-0.00660726815012469,0.006185095183651512
2010-12-17,0.0029145729454385094,0.0008368043352755539
2010-12-20,0.006780953951884383,0.002548353107022283
2010-12-21,0.0015543334945278264,0.006030102531773718
2010-12-22,-0.001995299926344174,0.0033795553013784563
2010-12-23,-0.002887811857360645,-0.0016443281560064582
2010-12-27,0.0026733995938392763,0.0006126968241970676
2010-12-28,0.016293859686154377,0.0007713241486699829
2010-12-29,0.003570951730280436,0.001009144933221462
2010-12-30,-0.00493797084768155,-0.001508218860643673
2010-12-31,0.012333080437371802,-0.000190789263718405
2011-01-03,-0.005190318590035159,0.01131482763770042
2011-01-04,-0.023550724637681153,-0.0013130618746926004
2011-01-05,-0.0028200742115028765,0.005007170717486353
2011-01-06,-0.0040187022407791595,-0.00212295769469939
2011-01-07,-0.0018680415173273346,-0.0018447823874668812
2011-01-10,0.004042468871949811,-0.001376327172630698
2011-01-11,0.005890314863194135,0.003725126993502803
2011-01-12,0.004076814051536148,0.009007580487847333
2011-01-13,-0.010409005810844363,-0.0017107461093028853
2011-01-14,-0.010145475341764909,0.007384542224523782
2011-01-18,0.005576840672592676,0.0013764111949552404
2011-01-19,0.0021734843379628277,-0.010115655200450102
2011-01-20,-0.01884537826170074,-0.0012949590793667198
2011-01-21,-0.001295716493042276,0.00241354566718055
2011-01-24,-0.005113317599887868,0.005836280157455631
2011-01-25,-0.001994438462761261,0.0002634625584563288
2011-01-26,0.008147563037007144,0.004220907055616729
2011-01-27,-0.024626440237071057,0.0022443056143837126
2011-01-28,0.01836941296021255,-0.017852526512266986
2011-01-31,-0.003147098581110841,0.0076625579865294835
2011-02-01,0.007161069036770273,0.016693598640459717
2011-02-02,-0.0026758867887793913,-0.00272251783247468
2011-02-03,0.013415101879994618,0.0023541996209659466
2011-02-04,-0.004084667263645869,0.002884262159912998
2011-02-07,0.00015182287249504434,0.0062401718181062105
2011-02-08,0.011087530966074732,0.0041847517493251996
2011-02-09,-0.0005257022722373605,-0.00278576530529262
2011-02-10,-0.0016532726266407227,0.000749492759563708
2011-02-11,-0.003989454091556488,0.005507371396231697
2011-02-14,0.0047611091798083205,0.0023849241566127333
2011-02-15,0.0076720874239659675,-0.0032349106631179847
2011-02-16,0.0009704038145077476,0.006257434761353986
2011-02-17,0.007009597001807588,0.0030756915754364123
2011-02-18,0.00274001050933137,0.0019247225860843376
2011-02-22,0.00649870005173292,-0.02052856553168947
2011-02-23,0.008951515611274719,-0.006111960530777338
2011-02-24,-0.007490357337297526,-0.0009943766071095483
2011-02-25,0.00659443893887568,0.010550516233988505
2011-02-28,0.0020381350255447295,0.005561085835223301
2011-03-01,0.01721629326699703,-0.01573967801604148
2011-03-02,-0.0007855531013751804,0.0016152006545580022
2011-03-03,-0.013078916710676403,0.017219002029837727
2011-03-04,0.009124556713000498,-0.007378037982796792
2011-03-07,0.0026551487913102356,-0.008341232108246999
2011-03-08,-0.002576581716457249,0.00892273358780149
2011-03-09,0.00035880453244252486,-0.0013617028593394531
2011-03-10,-0.011763861652281493,-0.018870952426918386
2011-03-11,0.0032662915506629364,0.007080513706332114
2011-03-14,0.004630299489001066,-0.006049325163745234
2011-03-15,-0.018651857852139964,-0.011200348530916449
2011-03-16,-0.0002201438256360655,-0.019494948861799366
2011-03-17,0.005358161870296474,0.013398228894571318
2011-03-18,0.01022117244490639,0.004310201712304007
2011-03-21,0.005564819164732837,0.014985846408680281
2011-03-22,-0.0006468017870259191,-0.0035505668465681817
2011-03-23,0.00927718786169307,0.002913979255756871
2011-03-24,-0.007980583097636607,0.009340748366686746
2011-03-25,0.00028727194162292413,0.0031611371596607096
2011-03-28,-0.005170199812229104,-0.002747836706771034
2011-03-29,-0.0023818826091608347,0.00706004504426283
2011-03-30,0.0033282032899395464,0.006684706689502828
2011-03-31,0.008581546240449267,-0.0018295017404008629
2011-04-01,-0.004719033285292329,0.004962987878062375
2011-04-04,0.004597694064605307,0.00034520979898289283
2011-04-05,0.015803826252970055,-0.0001800550698120018
2011-04-06,0.00232313969046527,0.002183677381629945
2011-04-07,0.0009129793189710522,-0.0015200060954518868
2011-04-08,0.008069672586824561,-0.0040044438811523975
2011-04-11,-0.007100132059024711,-0.0027933795200096867
2011-04-12,-0.007220961912653867,-0.007776699412055721
2011-04-13,0.002047828528720874,0.00019023558283004505
2011-04-14,0.013460211985632853,8.367708489354087e-05
2011-04-15,0.008622522893018791,0.003925413018814217
2011-04-18,0.006066804424678329,-0.011017851604204099
2011-04-19,0.0,0.005731170536519059
2011-04-20,0.003906030475859801,0.013514947256307863
2011-04-21,0.0016382593856654193,0.00527678228385664
2011-04-25,0.0008858524980968063,-0.0015926699906060326
2011-04-26,-0.0033362158145370246,0.008979584347500458
2011-04-27,0.019264871592264088,0.006249847141191145
2011-04-28,0.00415556308623799,0.0035554238371831026
2011-04-29,0.01702034361805893,0.002300662300080303
2011-05-02,-0.012863365914004055,-0.001752710838356042
2011-05-03,-0.003523695139320715,-0.003379303931766886
2011-05-04,-0.014344868750171269,-0.006855308807386384
2011-05-05,-0.028836357648043265,-0.009069835295082984
2011-05-06,0.012755293700736914,0.003819919924858084
2011-05-09,0.014315223379589348,0.0045441637238203825
2011-05-10,0.003528219448764247,0.008074036563528342
2011-05-11,-0.00919540943321484,-0.011111495786944148
2011-05-12,0.0003412242554154954,0.004895437094211363
2011-05-13,-0.0065488166054659125,-0.00806732940821131
2011-05-16,-0.0017854150317444528,-0.006204391544071153
2011-05-17,-0.004333700362306514,-0.0003685611639887565
2011-05-18,0.005941695248663281,0.008803800039184795
2011-05-19,0.00034332416167615065,0.0021779409571196506
2011-05-20,0.012633100417429599,-0.0076882674788020244
2011-05-23,0.0023052206147800014,-0.011925585036405395
2011-05-24,0.005140999727511142,-0.0008273803139109415
2011-05-25,-6.725890214021035e-05,0.003183169164378441
2011-05-26,-0.0024229438360083844,0.003953115265504348
2011-05-27,0.009985130144480214,0.004080920306236191
2011-05-31,-0.00040078825118483596,0.010592724253794206
2011-06-01,0.0018043638185269995,-0.02278464400568514
2011-06-02,-0.0027350009276233544,-0.0012248358297386464
2011-06-03,0.004816060200668826,-0.00973380929387091
2011-06-06,0.0017307615382056163,-0.010760206154744822
2011-06-07,-0.00039871080273023995,-0.0009564077516330816
2011-06-08,-0.004055311847564247,-0.0041868742875353915
2011-06-09,0.005006341432565842,0.0073774895782363625
2011-06-10,-0.008767222486280923,-0.01397984484096193
2011-06-13,-0.009849912561983643,0.0006687564032283877
2011-06-14,0.006090505350463404,0.012611779526287448
2011-06-15,0.0030268178250731914,-0.017431845673211765
2011-06-16,-0.0010058610852287098,0.0017543352584985517
2011-06-17,0.006511384798876252,0.003045016687959423
2011-06-20,0.0006002200800292457,0.005395190719622578
2011-06-21,0.004865666899057874,0.013423476330104211
2011-06-22,0.0015256699895751513,-0.006468448862720022
2011-06-23,-0.01755089020627565,-0.00282798682162011
2011-06-24,-0.014021848834349315,-0.011725788079470112
2011-06-27,-0.0036236771374155152,0.009184457763442344
2011-06-28,0.003499684443825757,0.012944354590004314
2011-06-29,0.006427707657695958,0.0082827470640634
2011-06-30,-0.00801734648811947,0.010119228593896468
2011-07-01,-0.007328815068493144,0.014409701950459208
2011-07-05,0.01862976699377894,-0.001336179015136607
2011-07-06,0.008670317392456939,0.001001559179442335
2011-07-07,0.0016116445742622165,0.010453846495095398
2011-07-08,0.007375166237016506,-0.006961116597354766
2011-07-11,0.00891844259567387,-0.018090532901892997
2011-07-12,0.007784207606945426,-0.004433512223916192
2011-07-13,0.008967696302475625,0.003105840225185341
2011-07-14,0.002595004558161307,-0.006716128005014532
2011-07-15,0.004270765043971503,0.005554424830404914
2011-07-18,0.008827384191250953,-0.008129890344531376
2011-07-19,-0.012199035029742289,0.016308708146076212
2011-07-20,0.00879348225026555,-0.0006708328095518246
2011-07-21,-0.007627239901878191,0.013546192195566853
2011-07-22,0.008331673340674417,0.0009078515817200206
2011-07-25,0.00781450832098729,-0.005643013402878538
2011-07-26,0.0027329859599081185,-0.004104972057103029
2011-07-27,-0.0036762501444824736,-0.02030866795667341
2011-07-28,0.0008270564180030693,-0.00323396681060506
2011-07-29,0.006165687495805816,-0.0064505329685289325
2011-08-01,-0.003600935151977569,-0.0041322994089231235
2011-08-02,0.024093348820103166,-0.025556664263946538
2011-08-03,-0.0001857293168467944,0.005015682591787973
2011-08-04,-0.005263520798082899,-0.047820446566716246
2011-08-05,0.006909866825883126,-0.0005749173223609239
2011-08-08,0.03319935085007719,-0.0666344641955241
2011-08-09,0.008915785331372383,0.04740684780953952
2011-08-10,0.035407158321528076,-0.04415240353729144
2011-08-11,-0.02193837756972883,0.046290021536367965
2011-08-12,-0.004568076134699894,0.005261669328246343
2011-08-15,0.010766617575062698,0.02178462153757388
2011-08-16,0.012339900832248452,-0.009738545025185341
2011-08-17,0.002874885037659647,0.0009473867253479984
2011-08-18,0.01891986605801943,-0.04459371494115383
2011-08-19,0.012547805466195161,-0.015008981405150057
2011-08-22,0.025784935133952747,0.0002580411671400107
2011-08-23,-0.03748847797797228,0.03428487822906101
2011-08-24,-0.033883064489031,0.013119972740464947
2011-08-25,0.004136364840187534,-0.015565520018319012
2011-08-26,0.029647249769974016,0.015121609890334176
2011-08-29,-0.02017243466404217,0.028280001371753904
2011-08-30,0.029961510322396467,0.0023470250754240585
2011-08-31,-0.007705220289049075,0.0049219823099897475
2011-09-01,0.000843990542178652,-0.011871432879036248
2011-09-02,0.030190645701654306,-0.02528193810099022
2011-09-06,-0.0018555500476001852,-0.007436289867417734
2011-09-07,-0.03182062433528554,0.028646463635358055
2011-09-08,0.02671106814195756,-0.010612179884417872
2011-09-09,-0.006105280304771865,-0.02670549233414976
2011-09-12,-0.0223021531096097,0.006965717525375448
2011-09-13,0.010584677767415673,0.009120062307035992
2011-09-14,-0.007449232957010166,0.013479805150953483
2011-09-15,-0.015856965684787894,0.0171870731163124
2011-09-16,0.00934635926650329,0.005706697559031415
2011-09-19,-0.015451917374606161,-0.009802587069163926
2011-09-20,0.01425192446196899,-0.0016610054534745844
2011-09-21,-0.012458772399924878,-0.02939044247874545
2011-09-22,-0.0261535405531087,-0.03188312136272142
2011-09-23,-0.05471753821855896,0.006082009491449325
2011-09-26,-0.013892371453835262,0.023336145420173926
2011-09-27,0.01935526692022771,0.01068838258199456
2011-09-28,-0.027454422354030394,-0.02069113469392403
2011-09-29,0.00947379330768272,0.008114229076903623
2011-09-30,0.0022828218569972414,-0.024974129093951247
2011-10-03,0.018347520161299924,-0.02845102857308046
2011-10-04,-0.02062629134950289,0.022488443228231514
2011-10-05,0.011545343894604043,0.017865633591721997
2011-10-06,0.006459287312084339,0.018303664649697682
2011-10-07,-0.008162576853306236,-0.008163309129622154
2011-10-10,0.025694252920340332,0.03412498514087403
2011-10-11,-0.0071660315510251316,0.0005440032068557699
2011-10-12,0.007156008371770106,0.009794704165487111
2011-10-13,-0.005880142284703571,-0.0029736723959411515
2011-10-14,0.00677751681865324,0.01738025805382848
2011-10-17,-0.004773555866838031,-0.019369883431278323
2011-10-18,-0.004796451998415052,0.020418716841497542
2011-10-19,-0.012172522545044973,-0.012649137358822782
2011-10-20,-0.013135616849177967,0.004554178908014794
2011-10-21,0.01109209580802184,0.01880876485561722
2011-10-24,0.009403209393099132,0.012872958610942842
2011-10-25,0.028381517118829525,-0.020044724629154187
2011-10-26,0.010930599937933438,0.010536553015507044
2011-10-27,0.012843542873723246,0.03429143800322065
2011-10-28,0.00041281037311446944,0.0003892292585445656
2011-10-31,-0.013441805607882551,-0.02473750308622369
2011-11-01,0.0002390880898552883,-0.02794224737160278
2011-11-02,0.010036999341707542,0.01610466767324814
2011-11-03,0.015734076845310252,0.018781807536341066
2011-11-04,-0.005066357995187731,-0.0062800173248857005
2011-11-07,0.02417319201030632,0.006295743898498074
2011-11-08,-0.008286644377337837,0.011735639002377285
2011-11-09,-0.008413484748536204,-0.03669514263073992
2011-11-10,-0.005404823398420744,0.00862417639490709
2011-11-11,0.016477784366470738,0.019480540416670467
2011-11-14,-0.004368877727166431,-0.00955014220770134
2011-11-15,0.0009238106395579315,0.00481716424635481
2011-11-16,-0.010671469712324244,-0.01661620119067586
2011-11-17,-0.025712723039843843,-0.016799951838696092
2011-11-18,0.0031118430959240495,-0.0003946790211790674
2011-11-21,-0.024579376702642097,-0.018648495498240547
2011-11-22,0.011070324159021538,-0.0041408414917407654
2011-11-23,-0.002903611431898989,-0.022095214923981144
2011-11-25,-0.008675653598548272,-0.0026855067570432656
2011-11-28,0.01976750990578391,0.02924042541312133
2011-11-29,0.0015003300275961973,0.002213653005350924
2011-11-30,0.019475071324452475,0.043315307654517854
2011-12-01,-0.002938928967879617,-0.001908645886345317
2011-12-02,0.0011200966479956165,-0.0002409865260597499
2011-12-05,-0.01472146918472328,0.010287014740795186
2011-12-06,0.005139767893985292,0.001105749076155016
2011-12-07,0.00725413872505043,0.002018354874198325
2011-12-08,-0.020188890915781244,-0.02114180996866155
2011-12-09,0.002530413363788675,0.01688335188982104
2011-12-12,-0.026502338695997718,-0.01491405355358888
2011-12-13,-0.021853249526105012,-0.008686010377845221
2011-12-14,-0.035089921775132704,-0.011348367280695881
2011-12-15,-0.003662744480755653,0.0032431006049804534
2011-12-16,0.019037576064628414,0.003216149701830151
2011-12-19,-0.0023191458434361767,-0.01173282521447283
2011-12-20,0.013624336980187834,0.029825423085253266
2011-12-21,0.0011466938755688716,0.0019495060859375801
2011-12-22,-0.007126565102403726,0.008265549512511683
2011-12-23,0.0017303576782397023,0.009035052631579
2011-12-27,-0.00895652241003797,7.910821957968217e-05
2011-12-28,-0.025046832998597113,-0.012478002201771643
2011-12-29,-0.004568648643108464,0.01070708751271865
2011-12-30,0.010975183210727213,-0.004291336569629323
2012-01-03,0.025856917367691468,0.015473984869096347
2012-01-04,0.005066758659142856,0.00018792381635357458
2012-01-05,0.006827847311627,0.002943717103075061
2012-01-06,-0.003676017262492226,-0.002536961461851339
2012-01-09,-0.004452907209661072,0.00226159747268051
2012-01-10,0.013674115015974264,0.008885769841026514
2012-01-11,0.006492681584043591,0.00030959693952570255
2012-01-12,0.004446715155592473,0.0023366087264267144
2012-01-13,-0.006983476525019516,-0.004947922809726002
2012-01-17,0.007786041937273724,0.0035529545034096444
2012-01-18,0.006853619937694733,0.01110792900140778
2012-01-19,-0.002351516001800169,0.004938656927458096
2012-01-20,0.005272335905766479,0.0006694598706733501
2012-01-23,0.0067254701852392795,0.0004713428801133013
2012-01-24,-0.00704835113879998,-0.0010258176291793042
2012-01-25,0.027220561299319712,0.00867914257916591
2012-01-26,0.00510759530233873,-0.005753890970635167
2012-01-27,0.010163191004646466,-0.0015928778274041377
2012-01-30,-0.005563129516700349,-0.0025221229562294445
2012-01-31,0.007617681411757893,-0.0004569470113940932
2012-02-01,0.0014765814361417107,0.008899605837667579
2012-02-02,0.008787479461989545,0.0010951468836974954
2012-02-03,-0.019935714353656042,0.014605356632309219
2012-02-06,-0.0027440109922691747,-0.00042387388640574564
2012-02-07,0.01507359795140073,0.002023381973941474
2012-02-08,-0.007071284744925466,0.002160210752496061
2012-02-09,-0.002848640949554948,0.0014741103865969496
2012-02-10,-0.0052375013632306455,-0.006886302257797183
2012-02-13,0.0022136891361355104,0.006800039398497937
2012-02-14,-0.0023282192802883683,-0.0009395237216460739
2012-02-15,0.005923923106867068,-0.005383206219918502
2012-02-16,-0.0006543394167252137,0.011025706111770894
2012-02-17,-0.0038690119047618543,0.0023489300082411013
2012-02-21,0.021930073907496572,0.0007199231683099327
2012-02-22,0.011226745147310258,-0.0033401069807622585
2012-02-23,0.00046259974022677675,0.004272002456249702
2012-02-24,-0.004565992265264329,0.0016722375905544595
2012-02-27,-0.003077274646165584,0.0013545594428994168
2012-02-28,0.010425206938122322,0.003356333487459784
2012-02-29,-0.05302906066548341,-0.004736987672319004
2012-03-01,0.014121420042911836,0.0061580397073004445
2012-03-02,-0.001620580987812481,-0.0032457561807128776
2012-03-05,-0.004148142458774595,-0.003869693990823375
2012-03-06,-0.017808615193792288,-0.015370160940745281
2012-03-07,0.005716091070364415,0.006900622397205014
2012-03-08,0.010083688501995702,0.009817931696702198
2012-03-09,0.006655409043171634,0.0036312501383968243
2012-03-12,-0.00787353023579973,0.00016046087579590917
2012-03-13,-0.016780783198246274,0.018131549071521702
2012-03-14,-0.01682067744632143,-0.0011962620857601802
2012-03-15,0.00946289987942417,0.005967199434081527
2012-03-16,0.0013657871695333945,0.0011193982795276725
2012-03-19,0.00179784869563826,0.003973846347059773
2012-03-20,-0.00903515710217584,-0.0030005178223089235
2012-03-21,0.0004996065540621153,-0.0018711971103763103
2012-03-22,-0.003994756707051517,-0.007206542132242588
2012-03-23,0.012282959917398584,0.0031088584771774563
2012-03-26,0.01776756650633038,0.013885825173599375
2012-03-27,-0.007055894418098285,-0.002816775011706407
2012-03-28,-0.01059795360824689,-0.0049415094307830865
2012-03-29,-0.001424035707511484,-0.0016079300036219157
2012-03-30,0.005208308564039532,0.0036984364437213646
2012-04-02,0.00505802507580877,0.007504645620875605
2012-04-03,-0.01871856488623347,-0.003988635869632384
2012-04-04,-0.01676147361787128,-0.01020252440885494
2012-04-05,0.006996952808481227,-0.000629042306093508
2012-04-09,0.006695704714745787,-0.01135843835815642
2012-04-10,0.010855311879755192,-0.01708145408550954
2012-04-11,-0.0001862135250324526,0.007448895732533378
2012-04-12,0.010119761154539386,0.013779387552802502
2012-04-13,-0.011370565667558008,-0.012475000665660207
2012-04-16,-0.0024246129030296437,-0.0005036007728196346
2012-04-17,-0.0013087809475168521,0.015486673800010564
2012-04-18,-0.0058658471138844925,-0.004055288314756211
2012-04-19,0.0007532170077610978,-0.0059343971807788165
2012-04-20,0.00068995800558036,0.0011692654246815426
2012-04-23,-0.002945882039746439,-0.008407570206074855
2012-04-24,0.0014458791090641299,0.0036797739601639456
2012-04-25,0.0020087381919258185,0.013644591642450798
2012-04-26,0.008833504850066065,0.006680165525120518
2012-04-27,0.0021735453156155327,0.0024143238105447384
2012-04-30,0.00309827726179579,-0.003883501780193699
2012-05-01,-0.003459340145189671,0.005658384164656471
2012-05-02,-0.004525235360298585,-0.0024966831705488524
2012-05-03,-0.010087770349032188,-0.007658871824437141
2012-05-04,0.0031452475111954925,-0.016147208456598894
2012-05-07,-0.002445594767381931,0.00035058067958071426
2012-05-08,-0.01936133996276923,-0.004278673161306146
2012-05-09,-0.00980768589743597,-0.0067022667368416
2012-05-10,0.0019421440930786904,0.002517410644455209
2012-05-11,-0.007818091159317864,-0.003387340874287381
2012-05-14,-0.014521985081036526,-0.011112863870212597
2012-05-15,-0.01050681939461029,-0.00574583788837002
2012-05-16,-0.0018698944213336732,-0.004403818293380879
2012-05-17,0.022347088475648036,-0.015051376254893167
2012-05-18,0.011452879356291579,-0.00738777655136702
2012-05-21,0.0006469815468070905,0.016035900823829996
2012-05-22,-0.0166181189764546,0.00048633728589364544
2012-05-23,-0.0030247698181909977,0.0016937028561794243
2012-05-24,-0.0013849822379955468,0.0013800320130266108
2012-05-25,0.008387748275866747,-0.002165632767253012
2012-05-29,-0.010872341342064384,0.011078977856053607
2012-05-30,0.005893259014878582,-0.014334892428261803
2012-05-31,-0.0019090842759771354,-0.0022766653389425517
2012-06-01,0.03878119769097754,-0.024642584756720654
2012-06-04,-0.001142812698412654,0.00010955447069527224
2012-06-05,-0.0011442155605804194,0.005726850436362785
2012-06-06,0.0004455135576273417,0.023049401011279613
2012-06-07,-0.01723813293895482,-0.00010646475973297154
2012-06-08,0.0014886472491908442,0.008114163667511942
2012-06-11,0.004071641028156048,-0.01262011343098246
2012-06-12,0.007080368131562986,0.011650737144736745
2012-06-13,0.004218253678078598,-0.007023251084251725
2012-06-14,0.004009706084830311,0.010814653007062747
2012-06-15,0.0005704976228209091,0.01033781524949795
2012-06-18,0.0005701786763856465,0.0014447462461062432
2012-06-19,-0.004875508352615299,0.009815695292423321
2012-06-20,-0.007571920143244704,-0.0016863569667646683
2012-06-21,-0.02532536368964955,-0.022261676573139155
2012-06-22,0.004078377737708694,0.007174604437728771
2012-06-25,0.007337500048070655,-0.01595485362084681
2012-06-26,-0.007414152166173138,0.004772721080906761
2012-06-27,0.0013760123632555743,0.008984906014325
2012-06-28,-0.011646921263535726,-0.002109799940410051
2012-06-29,0.027408135834330327,0.024920238689663643
2012-07-02,-0.000644410069664203,0.0024593116200617438
2012-07-03,0.015281520801638582,0.006232111033737553
2012-07-05,-0.011304546684035244,-0.00468702341032845
2012-07-06,-0.01265407302529864,-0.009432649216160383
2012-07-09,0.0021468088281328956,-0.001638831983570288
2012-07-10,-0.012269534444863228,-0.008125926324557553
2012-07-11,0.005520940079695391,-1.4923927059706799e-05
2012-07-12,-0.0026146087125104023,-0.004987096980407668
2012-07-13,0.010157959503452663,0.016497361948984324
2012-07-16,0.00045418451053724773,-0.002314313251142397
2012-07-17,-0.004798689880093354,0.007409672356649466
2012-07-18,-0.0027366781603135326,0.006680490665673222
2012-07-19,0.002156171143622876,0.002717100279144624
2012-07-20,0.0018906832086749148,-0.01006166021269983
2012-07-23,-0.004164762206868677,-0.008909055595006987
2012-07-24,0.003202019232843245,-0.009040932988168549
2012-07-25,0.014004650494928272,-0.0003138614980700005
2012-07-26,0.00706626847904257,0.01654097478259442
2012-07-27,0.004911583723631097,0.019080565446382147
2012-07-30,-0.0006982353998199464,-0.0004833596787935379
2012-07-31,-0.005970831746146321,-0.0043168286930450606
2012-08-01,-0.0086267873785294,-0.002899979813675513
2012-08-02,-0.006510210174746622,-0.007503669258934753
2012-08-03,0.009212988736359229,0.019040285714285732
2012-08-06,0.00482160067846471,0.002329269098478637
2012-08-07,-0.00012798464245711294,0.005106758642501541
2012-08-08,0.0012797350990512157,0.0006208263566560568
2012-08-09,0.0032592600526395454,0.00041368545021236436
2012-08-10,0.0012101916934139645,0.002188441611610026
2012-08-13,-0.0075708617699200564,-0.0012519009625779898
2012-08-14,-0.005513173744689515,-0.00012814594435073268
2012-08-15,0.0032231030998806087,0.0011396401091645636
2012-08-16,0.005975666453265305,0.007100510692824136
2012-08-17,0.001021991581783066,0.0018721337053633214
2012-08-20,0.003445597221505947,-2.1174620127517585e-05
2012-08-21,0.009983511699844572,-0.003497536179696059
2012-08-22,0.01076617124263457,0.0002264030442469256
2012-08-23,0.008409156963150144,-0.008072242520797746
2012-08-24,0.0004941750601901163,0.006454731031045435
2012-08-27,-0.0037661295069078005,-0.0004890151846781432
2012-08-28,0.0017352379664399287,-0.0008081818777706529
2012-08-29,-0.006495935452214385,0.0008443489382155001
2012-08-30,-0.00043584284042197385,-0.00780580513017326
2012-08-31,0.02305006795290132,0.005073295868083694
2012-09-04,0.0015832115358469512,-0.0011659593135848745
2012-09-05,-0.0010335481768858346,-0.0010676612972738697
2012-09-06,0.0035299190984103834,0.02043554067555209
2012-09-07,0.02152952284268017,0.004049974178315985
2012-09-10,-0.006827410272768897,-0.006147830011054456
2012-09-11,0.003646368734082195,0.0031349561521663016
2012-09-12,0.00011914235089260927,0.002092692232296578
2012-09-13,0.020188185090378674,0.016309746921621793
2012-09-14,0.002860340935851191,0.003958951800758559
2012-09-17,-0.008149062721494849,-0.0031246914164609896
2012-09-18,0.007746520225816456,-0.0012797754402280592
2012-09-19,0.00011649196298346709,0.0011855542746073144
2012-09-20,-0.0015721671837612972,-0.0005407337007659052
2012-09-21,0.0028576777112168106,-7.531946314132121e-05
2012-09-24,-0.005291951401234951,-0.002232653457806655
2012-09-25,-0.00163694238578882,-0.010501855900220458
2012-09-26,-0.005621631302415331,-0.005736735268036641
2012-09-27,0.01489899316764598,0.009648981749396546
2012-09-28,-0.0026111002114680426,-0.004477752750256747
2012-10-01,0.0023270347450521367,0.0026515065097030277
2012-10-02,-0.0011027163951418117,0.0008722871108299834
2012-10-03,0.0018012666426054924,0.003624409476050472
2012-10-04,0.006960135561507208,0.007174435434940563
2012-10-05,-0.005702471022968392,-0.0003215888820869983
2012-10-08,-0.0033020044983780306,-0.0034567356501243873
2012-10-09,-0.006160987977431254,-0.009890942214018428
2012-10-10,-0.0008772968922949875,-0.006188029749813251
2012-10-11,0.002809710906338525,0.00019538936482388358
2012-10-12,-0.00735471018279843,-0.002966137252483625
2012-10-15,-0.010055227684996226,0.0080779224792622
2012-10-16,0.006355758609239315,0.010269933234256845
2012-10-17,0.0007082693980435817,0.004117057858060491
2012-10-18,-0.004423734994491779,-0.002443728851820537
2012-10-19,-0.010782582353682457,-0.016571304955208976
2012-10-22,0.0036533568685790385,0.00043958234842222943
2012-10-23,-0.012829746833396105,-0.014443906334108192
2012-10-24,-0.003445517887436411,-0.003085382628585709
2012-10-25,0.007036291356082192,0.0029955428571428744
2012-10-26,-0.000542169605055598,-0.0007289822297291693
2012-10-31,0.005424028433485217,0.00015587985976517338
2012-11-01,-0.004555505549895034,0.010926475490383503
2012-11-02,-0.020894808536980447,-0.009379454408409593
2012-11-05,0.0038744771018026647,0.0021638092957336763
2012-11-06,0.018807860535633436,0.007853184963569237
2012-11-07,0.0011425255356127817,-0.0237050004861592
2012-11-08,0.009009549852557308,-0.012204842237929392
2012-11-09,-0.0010119530623264872,0.0016986925561432997
2012-11-12,-0.0022048026729019066,0.00013048737408549727
2012-11-13,-0.0020901224620505365,-0.003985420523048622
2012-11-14,0.00023933571851575408,-0.013852035676406471
2012-11-15,-0.006282176655990068,-0.001593544781544276
2012-11-16,-0.0012643205795487278,0.004839949763145501
2012-11-19,0.011996563419442774,0.019862053931736456
2012-11-20,-0.0028593317108277505,0.0006633864185690008
2012-11-21,0.0010155863612857363,0.00232018061774264
2012-11-23,0.01223444154015807,0.013026314761174662
2012-11-26,-0.0010613053413047746,-0.0020295816281376
2012-11-27,-0.0042494601295295364,-0.0052265875432258024
2012-11-28,-0.012803057971540577,0.007856029181741553
2012-11-29,0.003782587743333732,0.004269642300993359
2012-11-30,-0.0067591221875454854,0.00016250786253957372
2012-12-03,0.0004817946314641386,-0.004745225002300346
2012-12-04,-0.010293185749317368,-0.0017098123158392209
2012-12-05,-0.0018246138161369663,0.001584861890012279
2012-12-06,0.0023154095270354613,0.0033065905314124677
2012-12-07,0.004012182370820794,0.0029209196799964143
2012-12-10,0.0038750241250902207,0.0003385608737807022
2012-12-11,-0.0009047587291057813,0.006548882083186935
2012-12-12,0.0007244793501171021,0.00044823930919446475
2012-12-13,-0.008445490536394096,-0.0063214249596973415
2012-12-14,-0.0014600596659991583,-0.004135401178368192
2012-12-17,0.0018887283894251095,0.011870590643830559
2012-12-18,-0.014351739061642554,0.011486656626513492
2012-12-19,-0.002406219121344866,-0.007589200716082711
2012-12-20,-0.012121998736817297,0.00548810892541618
2012-12-21,0.0037563764792181153,-0.00937868763608718
2012-12-24,0.0018087257305714477,-0.002440296431446276
2012-12-26,0.0009961648921730237,-0.004787460107682495
2012-12-27,0.0023635091576286182,-0.001218441682181326
2012-12-28,-0.0038471766233018068,-0.011049941657992113
2012-12-31,0.009218955179598254,0.016941940834933167
2013-01-02,0.00709785194178858,0.02540342065138712
2013-01-03,-0.012073304064145418,-0.002085617612062718
2013-01-04,-0.0047146092688823416,0.004865096599440566
2013-01-07,-0.006295244249622911,-0.003123116115959057
2013-01-08,0.007087781782691316,-0.0032423718278149494
2013-01-09,-0.00043593049870371825,0.002655866545145713
2013-01-10,0.009284011175649143,0.007597414715782014
2013-01-11,-0.005679701337935494,-4.7513789798170336e-05
2013-01-14,0.0029802247979662244,-0.0009306714815373596
2013-01-15,0.006314256804505591,0.001128669689566708
2013-01-16,0.0005536171327953365,0.00019699186784150058
2013-01-17,0.004303793580219928,0.005642921828147962
2013-01-18,-0.0015917354787242655,0.0034032703558501964
2013-01-22,0.003556330947485087,0.004428107436548201
2013-01-23,-0.002810478436004904,0.0015074770267586857
2013-01-24,-0.010967519902134626,6.614218268419236e-06
2013-01-25,-0.004770189626690513,0.005445481926958484
2013-01-28,-0.002240902666949429,-0.0018496214617390594
2013-01-29,0.0043671597140815255,0.005105995096772675
2013-01-30,0.007453860256728229,-0.0038996214005379004
2013-01-31,-0.006103982907651684,-0.002563301352878078
2013-02-01,0.0015508685152145762,0.010052705843222709
2013-02-04,0.0034066460837407497,-0.011538744815384416
2013-02-05,-0.00024687037037030013,0.010416510156543657
2013-02-06,0.002654927027756715,0.0005491705619586895
2013-02-07,-0.0033869265557419093,-0.0018053990483738458
2013-02-08,-0.0016682464574454547,0.005657940568793318
2013-02-11,-0.01157399219522226,-0.0006061175200896551
2013-02-12,0.0011897432909782069,0.0015952722685066423
2013-02-13,-0.005253586873810612,0.0005922628670078645
2013-02-14,-0.00440111277457822,0.0006906717820405195
2013-02-15,-0.016356241881039124,-0.001045081435784967
2013-02-19,-0.0027606125693571126,0.007336475245841578
2013-02-20,-0.02504345554569698,-0.012404137805429483
2013-02-21,0.007791818439093712,-0.00630305718367008
2013-02-22,0.0022933168095045087,0.008772468160708424
2013-02-25,0.008955971700621124,-0.018309580654150115
2013-02-26,0.012180932024904445,0.006109463418104921
2013-02-27,-0.010561989434374586,0.012725994195381007
2013-02-28,-0.010157255152353106,-0.0008640795840612059
2013-03-01,-0.0036601176470588692,0.002323855120891505
2013-03-04,-0.0009183875502704053,0.004610723373682957
2013-03-05,0.0005252921761269569,0.009566016567489344
2013-03-06,0.005578100617597448,0.0010845127957084255
2013-03-07,-0.0035240750120492104,0.001816491554009314
2013-03-08,0.0001310170917414588,0.0044811391573884585
2013-03-11,0.0018335275172896015,0.003249085744110536
2013-03-12,0.007843630046289629,-0.002403253440833697
2013-03-13,-0.003437304579579581,0.0013140523718702113
2013-03-14,0.0001300859005572974,0.005602989918393142
2013-03-15,0.0020822944727749704,-0.001618462435066692
2013-03-18,0.008961071428571499,-0.005510332075354896
2013-03-19,0.00450506485696156,-0.00242253080222965
2013-03-20,-0.004548994047296473,0.006697492299956531
2013-03-21,0.005663931443133707,-0.008282433758053154
2013-03-22,-0.004479980800000005,0.007174256468146956
2013-03-25,-0.0019929154228303103,-0.003340039405416717
2013-03-26,-0.0033496778101752556,0.007785111368457276
2013-03-27,0.00413650462683246,-0.000588349941636479
2013-03-28,-0.005857389251690437,0.004056668968461574
2013-04-01,0.0014244156961686905,-0.004473580168074864
2013-04-02,-0.014482479013156802,0.005172264076521937
2013-04-03,-0.011152641068480462,-0.01054612896035656
2013-04-04,-0.002919146896282143,0.004048451904085537
2013-04-05,0.016767616723490253,-0.0042948955024409985
2013-04-08,-0.004253609112670698,0.00630273795917069
2013-04-09,0.007754941962277773,0.0035443321101382708
2013-04-10,-0.0168905443299997,0.01218913253315801
2013-04-11,0.001990069651741422,0.0035522507422829364
2013-04-12,-0.04700434199925174,-0.0028367667360272852
2013-04-15,-0.08780826164240896,-0.022966291060320887
2013-04-16,0.011347231914511147,0.014307223333897001
2013-04-17,0.0005270481808647975,-0.014327681064477793
2013-04-18,0.010762459951925374,-0.006701003816334872
2013-04-19,0.008711824079408181,0.008847902603588809
2013-04-22,0.01793749894487706,0.004661629963028435
2013-04-23,-0.007396584803332051,0.010419218560000054
2013-04-24,0.010885373652638197,6.340338626120712e-06
2013-04-25,0.02356009335694509,0.004034732195317581
2013-04-26,-0.005083675595436099,-0.001842113059481787
2013-04-29,0.009864445110653763,0.0071860116492188375
2013-04-30,0.0033028881945982302,0.0024848997165389797
2013-05-01,-0.011627113213500961,-0.009307883537263306
2013-05-02,0.005740181378072418,0.00940798348454619
2013-05-03,0.0011978438725739338,0.01053466681575288
2013-05-06,0.00042225351318903037,0.001907778592967091
2013-05-07,-0.012451558738722057,0.005230269551777411
2013-05-08,0.014816939207261015,0.004139081011478973
2013-05-09,-0.011582261118378345,-0.0036871036250232248
2013-05-10,-0.00859308299968875,0.004321655166596328
2013-05-13,-0.008381181588201447,4.288976072808204e-05
2013-05-14,-0.004478762055561081,0.01014215330013224
2013-05-15,-0.02307519807089753,0.0051141359803923425
2013-05-16,-0.004011059793097571,-0.005009740806326102
2013-05-17,-0.022522105228491296,0.010300096517175561
2013-05-20,0.03089942613644614,-0.0007076181403689041
2013-05-21,-0.016577783325110285,0.0017223862189816863
2013-05-22,-0.007074074086616866,-0.00827365723998641
2013-05-23,0.020236463237282898,-0.0029238324645374236
2013-05-24,-0.0063145828221189415,-0.0005513653322223311
2013-05-28,-0.0020184659845420283,0.006340981542303226
2013-05-29,0.01003818225941333,-0.007047982352546889
2013-05-30,0.013869279628135,0.0036703444969878873
2013-05-31,-0.020336496422893147,-0.01430724156258345
2013-06-03,0.019339882307943368,0.005935988606007081
2013-06-04,-0.009376595464676396,-0.005510807450241018
2013-06-05,0.0021445537867206266,-0.013779733067158628
2013-06-06,0.007452737383331298,0.008490294484575056
2013-06-07,-0.023804292271327077,0.01283154104805928
2013-06-10,0.0049520033384753415,-0.0003468132740243046
2013-06-11,-0.005151575255314622,-0.010153367340685282
2013-06-12,0.007504690431519689,-0.008369555298870512
2013-06-13,-0.0037988454376164382,0.014784290864184202
2013-06-14,0.005159174324840254,-0.005885016187315295
2013-06-17,-0.00490953681742734,0.00756736468335073
2013-06-18,-0.012259841152430506,0.007791158053582992
2013-06-19,-0.011655255746036097,-0.013851474553830623
2013-06-20,-0.053526290023012124,-0.025010351365277073
2013-06-21,0.011731432228663907,0.00266977701504012
2013-06-24,-0.008956441208561983,-0.012145015695615546
2013-06-25,-0.0037117647058824144,0.009497271817192399
2013-06-26,-0.04203451816607662,0.0095904867803982
2013-06-27,-0.019783539227118174,0.006199830930729844
2013-06-28,0.02734171938344443,-0.004289562490818577
2013-07-01,0.016959079699781165,0.005403747692364513
2013-07-02,-0.008915991304779713,-0.0005449082461803645
2013-07-03,0.005747563371572673,0.0008240471576737018
2013-07-05,-0.021948004339042648,0.010201732472338909
2013-07-08,0.012024778119223534,0.005251546318211897
2013-07-09,0.009287933908661339,0.007229670508245967
2013-07-10,0.0027358148880165523,0.00018159255459360146
2013-07-11,0.027201331803257567,0.013554250261869738
2013-07-12,-0.0008853911926173241,0.0030864831096169
2013-07-15,0.00040282769039312605,0.001374879674987728
2013-07-16,0.005717498792076059,-0.0037087607726598026
2013-07-17,-0.01257105462864172,0.0027740469690020753
2013-07-18,0.00559521569899446,0.005032964780314897
2013-07-19,0.008870244192077381,0.0016100504969605023
2013-07-22,0.02981372368464763,0.002033026061925236
2013-07-23,0.006752646903218196,-0.0018519365309336289
2013-07-24,-0.017192227890327816,-0.003811221965877576
2013-07-25,0.009334758173797697,0.002556472443166369
2013-07-26,0.0008549079172288643,0.000828294039343147
2013-07-29,-0.0024071905762322876,-0.003736037543425108
2013-07-30,-0.002724418130891193,0.00037381700702421305
2013-07-31,-0.0012487980506086238,-0.00013640952651305938
2013-08-01,-0.010550156381292197,0.012540570109573546
2013-08-02,-0.001974567554106521,0.001640458270520062
2013-08-05,-0.0052232035040898905,-0.001479834666858193
2013-08-06,-0.013762896112081813,-0.005723033795795529
2013-08-07,0.0014519722396388879,-0.0038058649669956424
2013-08-08,0.02182842494033954,0.0038854497684055467
2013-08-09,0.0,-0.0035699602183231205
2013-08-12,0.017893772521726747,-0.0011529205929170505
2013-08-13,-0.010764399800031077,0.0027760558521343626
2013-08-14,0.009863801626175173,-0.00517661780705192
2013-08-15,0.020852728682170474,-0.014281601757323736
2013-08-16,0.006758295895538113,-0.003304595248626474
2013-08-19,-0.004299343727570681,-0.005900302120153245
2013-08-20,0.0033330961038213758,0.0038211953237121676
2013-08-21,-0.0028689317373106205,-0.005779603073628792
2013-08-22,0.005603020828188532,0.008619376416880042
2013-08-23,0.01573673692849531,0.0039470108837469375
2013-08-26,0.004077116563845129,-0.004039657950105191
2013-08-27,0.009597659865581365,-0.01587419484762509
2013-08-28,-0.0002924533820839459,0.002747645512335639
2013-08-29,-0.006144480703596411,0.0019634015979428376
2013-08-30,-0.009199970898652099,-0.0031743182089343236
2013-09-03,0.013370992919736757,0.004164221706928206
2013-09-04,-0.012901290322552161,0.008116952888308049
2013-09-05,-0.01826828254067192,0.0012098628337611217
2013-09-06,0.014750355856664621,5.443120718928718e-05
2013-09-09,-0.0017889676536249066,0.009992880828140427
2013-09-10,-0.016204905796284086,0.007345789213730525
2013-09-11,-0.00030368907303446324,0.003052283582754667
2013-09-12,-0.030599841243732162,-0.003380415351747823
2013-09-13,0.001174919733295532,0.0027146795693016035
2013-09-16,-0.010718220935690748,0.005693153429186193
2013-09-17,0.0003954369409751024,0.0042177392207973785
2013-09-18,0.04355727272727283,0.012177673032111924
2013-09-19,-0.001969509960211724,-0.0018429539867059752
2013-09-20,-0.028766611005692666,-0.007216886471529516
2013-09-23,-0.003204095054736511,-0.004719586317135982
2013-09-24,0.0008624147190336995,-0.002597143144069225
2013-09-25,0.008851550717482226,-0.0027394657064626626
2013-09-26,-0.007764516300579172,0.0034854256220819835
2013-09-27,0.00923389929388918,-0.004073801162528867
2013-09-30,-0.006125517514728118,-0.006029230678291753
2013-10-01,-0.028007467592855884,0.007998543372526257
2013-10-02,0.019825042774702428,-0.0006666696165191777
2013-10-03,0.0009444514551306682,-0.008979414621486326
2013-10-04,-0.005110874351313077,0.007053224452950868
2013-10-07,0.008772623162669912,-0.008506362023070091
2013-10-08,-0.0018802648220014317,-0.012332078885557318
2013-10-09,-0.01012559638735333,0.0005739062056366873
2013-10-10,-0.014590468522793776,0.021830496544354094
2013-10-11,-0.013438473004871887,0.006286271464001292
2013-10-14,0.0018760522328884477,0.004074720643295615
2013-10-15,0.007327208217418946,-0.0070637233758897855
2013-10-16,-0.0015356178404035692,0.013827532115576302
2013-10-17,0.0314068072575131,0.0067439529357351535
2013-10-18,-0.004473395141632253,0.006548755643094983
2013-10-21,0.0010248719120988792,9.173631413017524e-05
2013-10-22,0.018585548466241386,0.005737513214566059
2013-10-23,-0.00502546791481262,-0.0047245572056966445
2013-10-24,0.009402377661009043,0.003258134531836987
2013-10-25,0.004311108744162295,0.004394843948769989
2013-10-28,0.000766449445307682,0.0013296993205964558
2013-10-29,-0.006050811979945059,0.0055841951318378324
2013-10-30,-0.0013099945654621026,-0.004875923270363347
2013-10-31,-0.014351912915806508,-0.0038393814890611555
2013-11-01,-0.0061844450631665104,0.002903421434619524
2013-11-04,-0.0011027885254696335,0.003570558653551048
2013-11-05,-0.0019714533865066164,-0.002805587805228882
2013-11-06,0.005056882191164513,0.004265540039649185
2013-11-07,-0.0081760457903155,-0.013182772075429838
2013-11-08,-0.014901751271345853,0.01342755955569852
2013-11-11,-0.003298970094134046,0.0007229316511505601
2013-11-12,-0.011463679386525927,-0.0023703920471609408
2013-11-13,0.003266647691302138,0.008095344476477973
2013-11-14,0.011558803606980916,0.0048372586980920396
2013-11-15,0.0004023738730756232,0.004222034279249609
2013-11-18,-0.011422120334620312,-0.003698197510981771
2013-11-19,0.00040679413495858796,-0.002042965476857228
2013-11-20,-0.023017438544549074,-0.0036356111004592906
2013-11-21,-0.0014985097860844565,0.00812856455460853
2013-11-22,-0.00016678338891484845,0.004961457871801578
2013-11-25,0.004503010415327191,-0.0012633424872928734
2013-11-26,-0.005312958702581416,0.00014980471516801153
2013-11-27,-0.0030045151059923114,0.002485081126057498
2013-11-29,0.010380026874100334,-0.0007856891572814995
2013-12-02,-0.025849172142067167,-0.0027190207383821496
2013-12-03,0.003231816580509861,-0.0031928479778842167
2013-12-04,0.01695490010982459,-0.0013034927269119922
2013-12-05,-0.013837912752900139,-0.004339572929627278
2013-12-06,0.002113271290449692,0.011237870889621915
2013-12-09,0.009869236359276945,0.0018171000126205872
2013-12-10,0.017540920334606414,-0.0031796590387466184
2013-12-11,-0.007880471186997196,-0.011316874358758056
2013-12-12,-0.0212642725362876,-0.0037705620570671616
2013-12-13,0.009214608088472298,-0.00010141030695576259
2013-12-16,0.0025967918226703635,0.006320039959715418
2013-12-17,-0.008689113398126613,-0.003100987875480743
2013-12-18,-0.008765284302312937,0.016647964065131804
2013-12-19,-0.023722480879836083,-0.0005799287471799364
2013-12-20,0.00975441560703727,0.0048187279595763854
2013-12-23,-0.0031913230431031003,0.005318120180814345
2013-12-24,0.00458594791035738,0.002915746819817322
2013-12-26,0.005512489328380443,0.004745529561810624
2013-12-27,0.0032551396822877443,-0.00033658483255794014
2013-12-30,-0.014771208638032496,-0.00017925382627215214
2013-12-31,0.006326406155874764,0.00395967519639262
2014-01-02,0.016190121869011698,-0.008861912794546845
2014-01-03,0.010932211864406849,-0.0003329648831642551
2014-01-06,0.0017604073957548927,-0.0025117671538569253
2014-01-07,-0.005690376569037703,0.006081764468633066
2014-01-08,-0.005891238848678593,-0.00021220917521225235
2014-01-09,0.002878394779586957,0.00034830938045016246
2014-01-10,0.015195027985775988,0.0023066866807388564
2014-01-13,0.0063195990966307125,-0.012576216537872997
2014-01-14,-0.009337283325168144,0.010817971927264969
2014-01-15,-0.0019183835342262423,0.005166188100457436
2014-01-16,0.0010863863918975092,-0.0013471201772711217
2014-01-17,0.009516645717366767,-0.0038951746537292387
2014-01-21,-0.010171198213842825,0.002773752181385536
2014-01-22,-0.004260609964760409,0.0005748649375374448
2014-01-23,0.021813901806965186,-0.008889576517103537
2014-01-24,0.00410542734128061,-0.020875448636635485
2014-01-27,-0.010875803329170042,-0.0048762936785797795
2014-01-28,-8.26884927470628e-05,0.006140652370788313
2014-01-29,0.012567209902452525,-0.010209232357043185
2014-01-30,-0.02204624788073606,0.011267044612831345
2014-01-31,0.0026717793104729104,-0.006465299316935624
2014-02-03,0.010242351910811909,-0.022831919721464478
2014-02-04,-0.002720095614902718,0.007641088636701321
2014-02-05,0.0024795686003731277,-0.002028222481416986
2014-02-06,-0.0004122598696326696,0.012439792887467327
2014-02-07,0.00767073585731981,0.013301886898100301
2014-02-10,0.006138986758434717,0.00156923460429792
2014-02-11,0.01171496114082271,0.011062113507929405
2014-02-12,0.0005628739099159397,-0.0002692622612995299
2014-02-13,0.00851882986418051,0.0058100249232651
2014-02-14,0.013228177754851744,0.004809216818833395
2014-02-18,0.001966181644259768,0.001158473969318452
2014-02-19,-0.008869740834069995,-0.006524484416629783
2014-02-20,0.010532993043470107,0.006031458099794884
2014-02-21,-0.0001567084664060303,-0.001918723404079281
2014-02-24,0.011051912352219473,0.0061865132743363915
2014-02-25,0.0017055740093971927,-0.0013476816104130984
2014-02-26,-0.008513318941310799,2.169994369394246e-05
2014-02-27,0.0007024900421317426,0.00494808300188887
2014-02-28,-0.004524134271235547,0.0027826887334101436
2014-03-03,0.020921406811124976,-0.007378510506626745
2014-03-04,-0.01235705032235268,0.015267701291821645
2014-03-05,0.0016320019538700326,-5.335101375525397e-05
2014-03-06,0.009930941189626452,0.0017184078954717297
2014-03-07,-0.00829685808245928,0.0005380894201985065
2014-03-10,0.00030993106545618154,-0.0004632462471156895
2014-03-11,0.005653186492171169,-0.005082138951925552
2014-03-12,0.014631094912743725,0.0003051707235770529
2014-03-13,0.0034153917507360187,-0.011701094943450174
2014-03-14,0.0067317067761745175,-0.0028217777310465264
2014-03-17,-0.010969248190717762,0.009613634535275528
2014-03-18,-0.007748435184962266,0.00721961896336043
2014-03-19,-0.019369155541615224,-0.006131649085325153
2014-03-20,-0.001795573481007784,0.006040504672361502
2014-03-21,0.0047708430723381046,-0.0029326712841670766
2014-03-24,-0.017825180837353516,-0.004864710210823131
2014-03-25,0.0018228245363764994,0.004403939971052928
2014-03-26,-0.007910766302958061,-0.007000319483604245
2014-03-27,-0.006538617126589097,-0.0019000841472853747
2014-03-28,-0.00024077374559039466,0.004640221855141791
2014-03-31,-0.007626822537360689,0.007924102367341312
2014-04-01,-0.0017798074445448675,0.007039348750407459
2014-04-02,0.007537085724427239,0.002853326373060572
2014-04-03,-0.003217519305019345,-0.0011264498244037968
2014-04-04,0.013315058316899053,-0.012537288155389015
2014-04-07,-0.005256000637094749,-0.010750112522990185
2014-04-08,0.009446737348595358,0.0037505538382520687
2014-04-09,0.0018241256824211849,0.01091821282630856
2014-04-10,0.005462333755541504,-0.020884795731297867
2014-04-11,-0.0006298874005213895,-0.00948677385461505
2014-04-14,0.007248073741432215,0.00821728625746676
2014-04-15,-0.01845913208383465,0.006757307728767703
2014-04-16,0.0003984620351975554,0.010488491036131586
2014-04-17,-0.006292822954494071,0.001363852913603525
2014-04-21,-0.00408819238476954,0.003775123516959855
2014-04-22,-0.003702503279177427,0.004092138928365463
2014-04-23,-0.00016155275619289533,-0.0022133137674165138
2014-04-24,0.006464091686100515,0.0017169601918778366
2014-04-25,0.006984601910478672,-0.008096391013273752
2014-04-28,-0.004384939807063781,0.0032360362360928097
2014-04-29,-0.0001601217206947947,0.004760756884675477
2014-04-30,-0.005125740788677446,0.0029920169148387465
2014-05-01,-0.0033810819241579804,-0.0001432612367737729
2014-05-02,0.010177665343028997,-0.0013484450263229197
2014-05-05,0.009275571873909705,0.0018712158435478798
2014-05-06,-0.0019014260663806626,-0.008988391908564264
2014-05-07,-0.014367399245100887,0.0056164682944326305
2014-05-08,0.0,-0.0013736249160484215
2014-05-09,-0.0005637432642947582,0.0015194761186390071
2014-05-12,0.006768767232373518,0.009672737635457729
2014-05-13,-0.0027213381987940544,0.0004217578308480796
2014-05-14,0.009711075597288454,-0.004701005154470139
2014-05-15,-0.008266441590754847,-0.009361806658357286
2014-05-16,-0.002163957734165889,0.0037469647967112163
2014-05-19,0.0006425863453816127,0.003844786649522147
2014-05-20,0.0008829667541665476,-0.006498398097656066
2014-05-21,-0.0024059908187346046,0.008116098822161355
2014-05-22,0.0022509767847171958,0.002362229907096447
2014-05-23,-0.0012833560805863842,0.004248391823726383
2014-05-27,-0.021363777666632777,0.005987805941686686
2014-05-28,-0.005334435869256304,-0.0011140717722704085
2014-05-29,-0.0021451733204249646,0.00536711026628911
2014-05-30,-0.004216983558508636,0.0018436779355184285
2014-06-02,-0.006061637465747838,0.0007278264057468675
2014-06-03,0.002589849688968693,-0.0003792168246764538
2014-06-04,-0.002083159701972148,0.001891663731611759
2014-06-05,0.007515046634685163,0.006525279564793207
2014-06-06,-0.00041441238473693964,0.004627758459583076
2014-06-09,0.0003316557471879644,0.0009387716756541487
2014-06-10,0.006133418878849328,-0.0002459838951454074
2014-06-11,0.00016479940822811123,-0.0035370408204140613
2014-06-12,0.010130919689286921,-0.007088893864193202
2014-06-13,0.0026092629045111337,0.003134561785089085
2014-06-16,-0.004391680256926489,0.0008367051129825054
2014-06-17,-0.001143595836359923,0.0021725690929803587
2014-06-18,0.003189393222026382,0.007718881187436022
2014-06-19,0.034808869891723715,0.001277478576965363
2014-06-20,-0.003466220206928994,0.0017300585025625814
2014-06-23,0.0027667826086956726,-0.00013246419817014576
2014-06-24,0.0010248719120988792,-0.006435310681454642
2014-06-25,7.871318131891236e-05,0.004897511306757085
2014-06-26,-0.0020473659665700694,-0.0011788836944636172
2014-06-27,-0.0005523474973798681,0.0019108685050301943
2014-06-30,0.010895223088734252,-0.0003722569631802175
2014-07-01,-0.002655389086127058,0.006677770533843219
2014-07-02,0.0,0.0006588130843330209
2014-07-03,-0.0042286062074065045,0.005479507969835984
2014-07-07,-0.001101030163541017,-0.003923521854847345
2014-07-08,0.00039366242466520873,-0.007048801775252689
2014-07-09,0.006059620681514222,0.004644267830344662
2014-07-10,0.005475571197608442,-0.004131071699926991
2014-07-11,0.001867169854288253,0.0014709224507656327
2014-07-14,-0.023761438296019954,0.004843553348319096
2014-07-15,-0.009465494674948283,-0.0019320960226445472
2014-07-16,0.0035333012409322073,0.004201084933799892
2014-07-17,0.01696403123178336,-0.011834026372541717
2014-07-18,-0.007553694470176842,0.010264935780914586
2014-07-21,0.001664940973557627,-0.0023202505622667013
2014-07-22,-0.004749074077855742,0.005016149924210289
2014-07-23,-0.0009543104971260208,0.001754438273745107
2014-07-24,-0.010109894679750986,0.00048815556797321413
2014-07-25,0.011580241440775962,-0.004849150442651884
2014-07-28,-0.0016694411187737623,0.0002881547205217938
2014-07-29,-0.00302599931476355,-0.004527786936270539
2014-07-30,-0.0029552317002051742,6.0912715035721376e-05
2014-07-31,-0.011535712384271202,-0.019999240169110144
2014-08-01,0.0080233244835346,-0.0028591213797277693
2014-08-04,-0.003135544375354904,0.0071890324532961625
2014-08-05,-0.0009677796752606271,-0.009685469804823432
2014-08-06,0.01453132280944569,1.5638394034844794e-05
2014-08-07,0.004058263771119064,-0.005556620034769533
2014-08-08,7.926771279120892e-05,0.011531402683691017
2014-08-11,-0.0018226721321393802,0.0027594251853761964
2014-08-12,0.00023816291075084983,-0.0016366416413625684
2014-08-13,0.0016667910416190423,0.006707160180995375
2014-08-14,0.0008716402742861007,0.004345814049287355
2014-08-15,-0.006571095029231144,-6.137286423035793e-05
2014-08-18,-0.004144118485556625,0.008531671916274242
2014-08-19,-0.0022407090448198774,0.0050006522411711885
2014-08-20,-0.003689436958614123,0.0024778129084919165
2014-08-21,-0.01078734494616529,0.002949889489859636
2014-08-22,0.002522827210029943,-0.0019925872252458676
2014-08-25,-0.003652926314588467,0.004787779061101283
2014-08-26,0.004969855058984063,0.0010510811012214294
2014-08-27,-0.00024319416689411177,4.99869996302138e-05
2014-08-28,0.005514109633473874,-0.0016899011101582095
2014-08-29,-0.0011290241935484335,0.003320414792714388
2014-09-02,-0.01784271744031385,-0.000544066249729358
2014-09-03,0.004110152008053314,-0.000779140768226716
2014-09-04,-0.005485051076789982,-0.0015344211306421718
2014-09-05,0.004774407191939112,0.0050358856051555545
2014-09-08,-0.010896239732856583,-0.003073114204666716
2014-09-09,0.0011596123293395877,-0.006545009215276454
2014-09-10,-0.005046752584261904,0.003646074417693379
2014-09-11,-0.0065691084887892215,0.0008819055324384983
2014-09-12,-0.009123662767860807,-0.0059625584080529315
2014-09-15,0.0021963338958355116,-0.0007101513806340165
2014-09-16,0.001601508779513816,0.007484376004887938
2014-09-17,-0.010855852716387226,0.001295643791290102
2014-09-18,0.002041841058007199,0.004891180055718092
2014-09-19,-0.0058584055515232825,-0.00047726961218241826
2014-09-22,-0.0020496883439982128,-0.008013323123597371
2014-09-23,0.006418485347342573,-0.005776501298565662
2014-09-24,-0.004676828310830383,0.007832491334522018
2014-09-25,0.002904707315556365,-0.01616877256054161
2014-09-26,-0.002811150888586411,0.00857582494608744
2014-09-29,-0.00025627029311914296,-0.0025468023608056223
2014-09-30,-0.007006750465750278,-0.0027859287407672184
2014-10-01,0.004818845235512015,-0.013248561055071106
2014-10-02,-0.00025690674634515354,5.143461907275437e-06
2014-10-03,-0.018245648762132083,0.011165509440962174
2014-10-06,0.01238982625957763,-0.0015651597959428498
2014-10-07,0.002844109306594067,-0.015126052674955814
2014-10-08,0.009539360523037388,0.017461650260492734
2014-10-09,0.001447160964951344,-0.020661415157819274
2014-10-10,-0.00042505100667333817,-0.011451012310168207
2014-10-13,0.007908844558511596,-0.01646792974123512
2014-10-14,0.0005906091948348902,0.001578864811007774
2014-10-15,0.003372982658672141,-0.008100314958148669
2014-10-16,0.0019329607854938757,0.00014497796039192323
2014-10-17,-0.0019292316563560563,0.012884107384289356
2014-10-20,0.006807336865406244,0.009142657205247762
2014-10-21,0.0018363438605255578,0.019574486900937993
2014-10-22,-0.005665730853167794,-0.007299330229703749
2014-10-23,-0.00687111636906701,0.012303377173358276
2014-10-24,-0.0014343486694485819,0.007053449513992005
2014-10-27,-0.0024503591457601948,-0.0015015683077649333
2014-10-28,0.0003388107799222606,0.011939073087332774
2014-10-29,-0.014309856296525925,-0.0013853554984093464
2014-10-30,-0.0104802161161337,0.006230123944268584
2014-10-31,-0.021963694383823396,0.011731393837739246
2014-11-03,-0.0045269126743506805,-0.00011892172848682048
2014-11-04,0.0006241551382228927,-0.0028298416763912204
2014-11-05,-0.02165389394355821,0.005700497061185805
2014-11-06,0.0008197103486682344,0.003775513179122836
2014-11-07,0.028121624357161146,0.00034958621394842737
2014-11-10,-0.02221830554821369,0.0031201847822315276
2014-11-11,0.014303838623065834,0.0006966942357857775
2014-11-12,-0.004819716129777607,-0.0007011168232956555
2014-11-13,0.0015246457399102908,0.0005298447197350509
2014-11-14,0.02507390570563106,0.0002402700938897162
2014-11-17,-0.0036690660988112356,0.0007353590217320516
2014-11-18,0.00876808394297024,0.005133983538707865
2014-11-19,-0.011907891910267865,-0.0015011589465070418
2014-11-20,0.01038002287121742,0.0019670960682991456
2014-11-21,0.004614295624113751,0.0052368773596394025
2014-11-24,-0.002426536116011291,0.002864023261448967
2014-11-25,0.002345547716570806,-0.0011500297675195448
2014-11-26,-0.0019066823168664149,0.00280598197347226
2014-11-28,-0.026484915717786883,-0.0025424269243935482
2014-12-01,0.03987156328720398,-0.0068293629191256144
2014-12-02,-0.01235205846024956,0.006384461380261053
2014-12-03,0.01033527019572067,0.0037647425978213356
2014-12-04,-0.003868348596779092,-0.0011618960866265349
2014-12-05,-0.012512918860361988,0.0016652163837826972
2014-12-08,0.011797596784060005,-0.007256564926245601
2014-12-09,0.020815365527857788,-0.0002378239128909554
2014-12-10,-0.0019460444716805636,-0.0163509684769223
2014-12-11,-0.002288886082476016,0.0045356890106136305
2014-12-12,-0.0023791145827324334,-0.016213587336401436
2014-12-15,-0.02572187119591618,-0.006342586526233762
2014-12-16,0.004895515385046734,-0.008489023063361079
2014-12-17,-0.005915615639380922,0.020352416032282106
2014-12-18,0.007701102853796327,0.0240152043279922
2014-12-19,-0.0033000867859298566,0.00457004899569724
2014-12-22,-0.019342982121015484,0.0038104640443461513
2014-12-23,0.001688094135368301,0.0017463618366218014
2014-12-24,0.0002660901235780333,-0.00013929650838573338
2014-12-26,0.018267314487913078,0.0033095747051801183
2014-12-29,-0.01010192440822233,0.0008617741459158168
2014-12-30,0.013460007274742836,-0.004888604384246875
2014-12-31,-0.01406245696343189,-0.010310858744699503
2015-01-02,0.0044021834054905895,-0.00033996358896326573
2015-01-05,0.015077147351382436,-0.01827810508970329
2015-01-06,0.011398963435260034,-0.008893471870112801
2015-01-07,-0.005891418906469714,0.011629842642575161
2015-01-08,-0.004208520140857153,0.01788828104579765
2015-01-09,0.011385199044588568,-0.008403811040573306
2015-01-12,0.011086440199787662,-0.00809368524335874
2015-01-13,-0.003373768612917716,-0.0025785554979216307
2015-01-14,-0.0016080145020983538,-0.005813066949783785
2015-01-15,0.02517590043929907,-0.009247876125553667
2015-01-16,0.013064287860686363,0.01342419939545203
2015-01-20,0.01371204734848308,0.0015499524278266286
2015-01-21,0.00024159420873415272,0.004731623825443343
2015-01-22,0.008049585251961977,0.015269721805970526
2015-01-23,-0.007985306843760087,-0.005491522447795494
2015-01-26,-0.009981525960359172,0.0025684610859357804
2015-01-27,0.01146437940425038,-0.01338786237931644
2015-01-28,-0.007877845532510586,-0.013495609538427322
2015-01-29,-0.021552390561536017,0.009534685377702523
2015-01-30,0.022275546169666205,-0.01299196536796543
2015-02-02,-0.008343450992550516,0.012962464037225674
2015-02-03,-0.011190941205537208,0.014439494938539577
2015-02-04,0.004378347681660122,-0.004156045950290732
2015-02-05,0.0017272495192095505,0.010291406800400527
2015-02-06,-0.025864208671777633,-0.0034181723966975053
2015-02-09,0.004467287630371519,-0.004247194618831163
2015-02-10,-0.0058739364919683235,0.010675561188404847
2015-02-11,-0.011817346063835998,-2.9033785063692363e-05
2015-02-12,0.0023062782950371563,0.009644506350069637
2015-02-13,0.0054542953964307195,0.004074738604868067
2015-02-17,-0.016697753431994755,0.0015975746264769164
2015-02-18,0.0028445305948705535,-0.00031430909868912504
2015-02-19,-0.0034381469292812383,-0.0010620575860226245
2015-02-20,-0.005692625397746731,0.006126533791127375
2015-02-23,0.0013011884221130199,-0.00030333932859605284
2015-02-24,-0.0014727367235554123,0.002758770722662396
2015-02-25,0.0038174127395902424,-0.000765723625519743
2015-02-26,0.003197951681882971,-0.0014760281390748808
2015-02-27,0.0007754286206600458,-0.0029563044380468417
2015-03-02,-0.004132265697924686,0.006124919458303735
2015-03-03,-0.0018153440525588982,-0.004538542491286046
2015-03-04,-0.003117692880248657,-0.004388503483633732
2015-03-05,-0.0009556163586516009,0.0011960800966932528
2015-03-06,-0.02730433913043484,-0.014173946449004382
2015-03-09,0.0009833720634420118,0.003944421251101282
2015-03-10,-0.004912056757059413,-0.016961330342146863
2015-03-11,-0.006013265230896847,-0.0019176796017920106
2015-03-12,-0.00027087133182845946,0.012601439598289632
2015-03-13,0.0014450505649834522,-0.006074711051894166
2015-03-16,-0.0006313041296349686,0.013533671143615367
2015-03-17,-0.005414664839178074,-0.003320173648677094
2015-03-18,0.019598983936112813,0.012158421547431297
2015-03-19,-0.0007119515694948841,-0.00487257918552042
2015-03-20,0.01139904700864669,0.009012754607946816
2015-03-23,0.006339711191335917,-0.0017457311460168379
2015-03-24,0.002449899357337415,-0.006139422015983054
2015-03-25,0.001396552326088818,-0.014558905570164926
2015-03-26,0.00653708690306587,-0.00237750024672001
2015-03-27,-0.0036370366218296812,0.0023685617450666108
2015-03-30,-0.011385346973498023,0.012236644843459654
2015-03-31,-0.000791173626373598,-0.008795774737306195
2015-04-01,0.01706839637274693,-0.0039653716707825915
2015-04-02,-0.002768157487338274,0.0035296671869311513
2015-04-06,0.01223111565085988,0.0066088150025855885
2015-04-07,-0.004970442969055799,-0.0020619040280097645
2015-04-08,-0.005512014421565681,0.002682533022574818
2015-04-09,-0.006928232381326449,0.004457481356853421
2015-04-10,0.011336906101629074,0.005202865058863804
2015-04-13,-0.007157040552237204,-0.004581280615065353
2015-04-14,-0.006079529321517452,0.001629758754569277
2015-04-15,0.008650803763530224,0.0051481957339103435
2015-04-16,-0.0034653123104911865,-0.0007784438136158034
2015-04-17,0.004955220420370443,-0.011311245237798029
2015-04-20,-0.007612430927550706,0.009235131333180657
2015-04-21,0.005753103157661199,-0.0014806051919155072
2015-04-22,-0.013433827702387546,0.005087480415959744
2015-04-23,0.007291592597881147,0.0023577160344365744
2015-04-24,-0.014041522273102292,0.0022528002125912217
2015-04-27,0.020168057846049026,-0.00414131399984774
2015-04-28,0.008670770681162399,0.002769231747055345
2015-04-29,-0.007048912455103418,-0.0037403355286635964
2015-04-30,-0.017660816939471635,-0.010128906665100579
2015-05-01,-0.0034370229713841516,0.010923001515586117
2015-05-04,0.009020127183938298,0.0029407486092096757
2015-05-05,0.002804557454944012,-0.011837383538524149
2015-05-06,-0.0005243576389504234,-0.004455725007309619
2015-05-07,-0.00821968338387824,0.003773813604708076
2015-05-08,0.004849259475388168,0.013457901340996115
2015-05-11,-0.003860682601906751,-0.005089560749124811
2015-05-12,0.00854400606486383,-0.002949637714718234
2015-05-13,0.01790395633187769,-0.00030495491649862316
2015-05-14,0.00540537952624498,0.01077928701516595
2015-05-15,0.0029868492916880207,0.0007684135234999889
2015-05-18,-8.510167689190773e-05,0.003047948189811578
2015-05-19,-0.01386996291363074,-0.000643374521663298
2015-05-20,0.0016395116199803272,-0.0009305160315531413
2015-05-21,-0.003359751837357816,0.0023378741542858794
2015-05-22,-0.0007779756110645186,-0.0022338859444231973
2015-05-26,-0.014619325512445047,-0.01028198046779627
2015-05-27,-0.0001756210982135631,0.009162641122027138
2015-05-28,0.0011414347277323156,-0.0012667607066396691
2015-05-29,0.0007016400816077795,-0.0063184689448647635
2015-06-01,-0.0008764066761859368,0.0020594608593389463
2015-06-02,0.004035078947368431,-0.0010085958054164568
2015-06-03,-0.007164074848541535,0.0021188707775647853
2015-06-04,-0.007039801188312267,-0.00862316735662716
2015-06-05,-0.0053172458460561955,-0.0014361830452781499
2015-06-08,0.002940146167857094,-0.006474509871794765
2015-06-09,0.0022208403659944587,0.0004183529817378684
2015-06-10,0.008509120723276142,0.01204242491174079
2015-06-11,-0.004570196911321878,0.0017386262992553636
2015-06-12,-0.0002648684396103773,-0.006994299883164357
2015-06-15,0.004415790751149284,-0.004622572121514512
2015-06-16,-0.003605055738897689,0.0056898564053051714
2015-06-17,0.004677003176844385,0.0019796411387709156
2015-06-18,0.012911743748998505,0.00990271066265147
2015-06-19,-0.0017342785293097407,-0.005303501750407835
2015-06-22,-0.012856184515561475,0.006094866829202239
2015-06-23,-0.006599788864834477,0.0006358682609157729
2015-06-24,-0.0026574807569977876,-0.007353296940171172
2015-06-25,-0.0013322142759467637,-0.002973574048915073
2015-06-26,0.001067200265613577,-0.0003900799487159823
2015-06-29,0.0045309346931581285,-0.020866193609611283
2015-06-30,-0.00619082869019183,0.0026584894755439237
2015-07-01,-0.0034706771343594456,0.0069360403748921495
2015-07-02,-0.0019646454197719265,-0.0003080229438562343
2015-07-06,0.002684287711447908,-0.003861756607829947
2015-07-07,-0.011600892586130396,0.0060809750474632995
2015-07-08,0.002979360726266478,-0.016652748966799358
2015-07-09,0.002430506883806194,0.0022622026295469055
2015-07-10,0.0011673581073334827,0.012338484808259054
2015-07-13,-0.00448470722907357,0.011066049496427643
2015-07-14,-0.0022524552167304535,0.004453158965322279
2015-07-15,-0.005237439141004829,-0.0007349861476158015
2015-07-16,-0.0036311000860167475,0.00801468054732779
2015-07-17,-0.010112973576658635,0.0011061832220924384
2015-07-20,-0.027151449109039216,0.000771233533894744
2015-07-21,-0.003121986843575786,-0.0042616891933443535
2015-07-22,-0.005409509193996964,-0.0023877100868345824
2015-07-23,-0.004484742238032191,-0.005676040279191108
2015-07-24,0.00977663165385545,-0.010703328044585847
2015-07-27,-0.004651134402489543,-0.005775014817854696
2015-07-28,0.001525805821802395,0.012386154420169104
2015-07-29,0.0014283089343449795,0.007318795174967141
2015-07-30,-0.008557583123658397,2.836756572976995e-05
2015-07-31,0.0063297498704253385,-0.002271520022843032
2015-08-03,-0.007910054321928928,-0.0027568868152492154
2015-08-04,0.0020172911050391207,-0.0022497049209078135
2015-08-05,-0.0036429681457762486,0.003114678973210827
2015-08-06,0.004426046377369319,-0.007752985140647484
2015-08-07,0.002490688787150974,-0.0028748828113334124
2015-08-10,0.01022454829957864,0.012808166814617383
2015-08-11,0.005107841419713877,-0.009557102838104625
2015-08-12,0.014022190588703465,0.0009500549095742272
2015-08-13,-0.008259851508120697,-0.001275211973593371
2015-08-14,-9.360845879080593e-05,0.003911963875500968
2015-08-17,0.002620486712596959,0.005211424020938882
2015-08-18,-0.0001866517367680176,-0.0026255299342222704
2015-08-19,0.013444141411220745,-0.008254876506438191
2015-08-20,0.01741132149024449,-0.02110017010029852
2015-08-21,0.006247690940824002,-0.03185096532301401
2015-08-24,-0.005399064304842938,-0.03941369300610109
2015-08-25,-0.012394779809959178,-0.013521995197235293
2015-08-26,-0.01364974299561228,0.03903385909558632
2015-08-27,0.000557304737760056,0.024297748404812358
2015-08-28,0.009003935514603212,0.0006087363931974732
2015-08-31,0.0011039834711310537,-0.00839167016544995
2015-09-01,0.003491977577651184,-0.029576446573269966
2015-09-02,-0.005311300512215178,0.018292974600429
2015-09-03,-0.007181062221108592,0.0011647937858398905
2015-09-04,-0.0032455305358134456,-0.015329595630917514
2015-09-08,0.0002790864318371611,0.025083053334552297
2015-09-09,-0.012927827741661901,-0.01389756045083701
2015-09-10,0.0023556016872401386,0.00527795503396411
2015-09-11,-0.0020679921620979647,0.004487043331167673
2015-09-14,0.0005651563464521558,-0.004089655949418347
2015-09-15,-0.003012605883895625,0.012831311668480172
2015-09-16,0.013314409569132879,0.008705414463438865
2015-09-17,0.010250731716535899,-0.0025610596092323634
2015-09-18,0.007379346651440022,-0.016164165808483677
2015-09-21,-0.0062265360885132015,0.004565783909129095
2015-09-22,-0.006818372862972155,-0.012318429542511944
2015-09-23,0.003989238296787878,-0.002048642649292276
2015-09-24,0.02097576214215713,-0.0033629845707413564
2015-09-25,-0.006154403224805982,-0.0004657930715944447
2015-09-28,-0.012658228078649136,-0.025666090316902812
2015-09-29,-0.004058245785984904,0.0012328530985949993
2015-09-30,-0.010372309398805957,0.01907555565210206
2015-10-01,-0.0012165262847040337,0.001973884232411738
2015-10-02,0.021174879944489522,0.014315289254205554
2015-10-05,-0.0020185430226358214,0.01828984107204601
2015-10-06,0.010021182587694577,-0.0035882362417534175
2015-10-07,-0.001456435450059801,0.008035633584403179
2015-10-08,-0.005104813266312069,0.008818435632298893
2015-10-09,0.015851237088613024,0.0007251113576554058
2015-10-12,0.003968566682549746,0.0012754770636946855
2015-10-13,0.004941182372494524,-0.006825424180004314
2015-10-14,0.017432477941780045,-0.004716274113391039
2015-10-15,-0.004568992260240545,0.01485277356212289
2015-10-16,-0.007061549942081857,0.004570474276163861
2015-10-19,-0.004178158132778997,0.0002705456193015099
2015-10-20,0.006338207632696102,-0.001421090030626071
2015-10-21,-0.008870752890869693,-0.005825415425425584
2015-10-22,-0.00035801484763220426,0.016627571884764603
2015-10-23,-0.0017011549520788982,0.011030344256396596
2015-10-26,-0.0006278026905829348,-0.0019131003481598352
2015-10-27,0.002243560979987347,-0.0025541185091011442
2015-10-28,-0.008058748209169075,0.011840033238402548
2015-10-29,-0.00956849620480682,-0.00044977441860072354
2015-10-30,-0.0038279073657682128,-0.004809877153488018
2015-11-02,-0.006495946756744364,0.011873817294504763
2015-11-03,-0.014826347355238911,0.0027280672352485436
2015-11-04,-0.00944103544285746,-0.003545367008911171
2015-11-05,-0.0031141077369621906,-0.0011321484144598548
2015-11-06,-0.014577821039169159,-0.00034762159864287767
2015-11-09,0.0028818828603627278,-0.009822729364192928
2015-11-10,-0.002107298810204994,0.0015105951573544107
2015-11-11,-0.0033595507775004974,-0.0032280859546982565
2015-11-12,0.00019258402788047135,-0.013990375421686796
2015-11-13,-0.002792489220847183,-0.01120736488072338
2015-11-16,0.001448445373666507,0.01490326509548634
2015-11-17,-0.01320994130951636,-0.0013393792484004408
2015-11-18,0.0008794606558319984,0.01616245193889343
2015-11-19,0.011031904715415264,-0.0011231092218189076
2015-11-20,-0.004538451227084739,0.0038101958630922805
2015-11-23,-0.008051159493691284,-0.0012348607802712408
2015-11-24,0.006649716279098161,0.0012219961240418353
2015-11-25,-0.004662939485857165,-0.00012913256833757547
2015-11-27,-0.011809476984281364,0.0005936175686118705
2015-11-30,0.006617264197530837,-0.004640997126186264
2015-12-01,0.0035321919845408,0.010680573511899105
2015-12-02,-0.015545532025278974,-0.01099569314929194
2015-12-03,0.01062667572496423,-0.014373526867514141
2015-12-04,0.02220906992513627,0.020525668952535714
2015-12-07,-0.01297826416972514,-0.006989502943734904
2015-12-08,0.0016557709487829975,-0.006489901427822242
2015-12-09,-0.001944739476652635,-0.007738985127360154
2015-12-10,-0.0008768121675449825,0.00225138698159677
2015-12-11,0.005460731190812362,-0.01942276713061175
2015-12-14,-0.012801861964873762,0.004755559874067838
2015-12-15,-0.0026525591644310786,0.010618561196917398
2015-12-16,0.012115869152360181,0.014514969343641715
2015-12-17,-0.021897810218978075,-0.015040520569611582
2015-12-18,0.015323393034825994,-0.01779722009170015
2015-12-21,0.010878096718168306,0.007778402243204141
2015-12-22,-0.005235104115654865,0.008816736406698444
2015-12-23,-0.002923720856410461,0.012418068122691306
2015-12-24,0.007232968570676901,-0.0015986363048084984
2015-12-28,-0.007569199197403176,-0.0021785598289102426
2015-12-29,-0.0006844627168611783,0.010629762703622703
2015-12-30,-0.00763208437276186,-0.0072172285974309025
2015-12-31,0.000394409394486539,-0.009411913089778401
2016-01-04,0.014094224463771177,-0.015303730981790165
2016-01-05,0.0028185538227092355,0.002012226074739054
2016-01-06,0.014440763713897908,-0.013115396617014996
2016-01-07,0.014139715565868238,-0.02370044303909824
2016-01-08,-0.004427715413514499,-0.010838374634476344
2016-01-11,-0.008894795609386885,0.0008532723085774574
2016-01-12,-0.00506013948940498,0.007802798638371744
2016-01-13,0.004893983349908648,-0.02496545260273253
2016-01-14,-0.01623380427584209,0.016695905641396447
2016-01-15,0.010289313054435478,-0.021599098121784066
2016-01-19,-0.000960789758632119,0.0005318215544081184
2016-01-20,0.013367954990345599,-0.011693855152753452
2016-01-21,0.0011387965890063967,0.005195438264643304
2016-01-22,-0.004644971175371548,0.02028370093089693
2016-01-25,0.010285733333333491,-0.01563798186831422
2016-01-26,0.01140647602928957,0.014144335682203746
2016-01-27,0.003728222539582271,-0.010863483946818686
2016-01-28,-0.01067880934759391,0.0055285771108635196
2016-01-29,0.0038482822991525723,0.02476021748183288
2016-02-01,0.010285236380137563,-0.00044323640602816905
2016-02-02,0.00037013418685427624,-0.01874309104264482
2016-02-03,0.010731834979436972,0.004992038935398124
2016-02-04,0.01208237986270011,0.0015267326294097217
2016-02-05,0.015827077869223105,-0.0184812461330659
2016-02-08,0.013443750000000199,-0.014153935962584518
2016-02-09,-0.002196257538500279,-0.0006636201005447706
2016-02-10,0.0077478163805630995,-0.00018895050095235622
2016-02-11,0.040188703828312855,-0.012301161634528324
2016-02-12,-0.005879363444974972,0.01951804943402924
2016-02-16,-0.03033122650953668,0.01651665425466642
2016-02-17,0.006186338054883667,0.016480439087318777
2016-02-18,0.02433319992206795,-0.0046657135860893595
2016-02-19,-0.006002189483454323,-2.6033069221553795e-05
2016-02-22,-0.01777516554218128,0.014454197343192865
2016-02-23,0.014979678153600684,-0.012454371626831162
2016-02-24,0.0033270772621816214,0.004439786657369549
2016-02-25,0.002635804756093707,0.011348275180813827
2016-02-26,-0.006869038447575249,-0.0018701143063153403
2016-02-29,0.013064622892454913,-0.008120976670040303
2016-03-01,-0.0073331254832529336,0.023868792264573058
2016-03-02,0.007726951033207641,0.00409430843797276
2016-03-03,0.01727336535220747,0.003498740552965396
2016-03-04,-0.0015737761557083063,0.003305892405266686
2016-03-07,0.004977584163119442,0.0008850144294973994
2016-03-08,-0.004622725809994344,-0.011240108648189029
2016-03-09,-0.008293249157517835,0.005052393293188295
2016-03-10,0.016056179694661665,0.00015580467030051892
2016-03-11,-0.01720161316872426,0.016395500477669467
2016-03-14,-0.012896750258881151,-0.0012609725467921384
2016-03-15,0.0007635191118133822,-0.0018369417185468695
2016-03-16,0.022295668212069186,0.005600351548705085
2016-03-17,-0.003814570157212649,0.0065952364278478726
2016-03-18,-0.002746974179979378,0.004405643539266535
2016-03-21,-0.007011719356968649,0.0009855774954501406
2016-03-22,0.002942157052304495,-0.0008773878504659827
2016-03-23,-0.02263009844321673,-0.006386031655324587
2016-03-24,-0.0024011576845796023,-0.0003780705229240455
2016-03-28,0.0023209489844244757,0.0005452557698999438
2016-03-29,0.018524905978128725,0.008816651809226084
2016-03-30,-0.013977803739006367,0.004350315062455534
2016-03-31,0.0046114518294013696,-0.002039759248018691
2016-04-01,-0.006035353672520838,0.006330915097686685
2016-04-04,-0.006670640554177765,-0.0032083221118300864
2016-04-05,0.013000447473087373,-0.01014449245057425
2016-04-06,-0.006119343664139243,0.010507619189438877
2016-04-07,0.014280818979291565,-0.011975786560861179
2016-04-08,-0.0015175870372009514,0.0027865782063150046
2016-04-11,0.013510081904922755,-0.002739786123146737
2016-04-12,0.00016665833680451492,0.009662134044055914
2016-04-13,-0.01066227378603235,0.010040137017230277
2016-04-14,-0.013976560090340095,0.00017292717774908262
2016-04-15,0.006916548485043528,-0.0009842849323767888
2016-04-18,-0.0015264586419004855,0.006541025568344017
2016-04-19,0.015627688391841144,0.003084485197515807
2016-04-20,-0.005101195766830768,0.0007615446318947061
2016-04-21,0.003782440919707142,-0.005194027068595286
2016-04-22,-0.012811916141549307,4.78598891489046e-05
2016-04-25,0.002884078402613177,-0.0018120458498649405
2016-04-26,0.003975251527313262,0.0018727515348586632
2016-04-27,0.002864397713506328,0.0016493527182761536
2016-04-28,0.01890120951863894,-0.009230768157227676
2016-04-29,0.0194575066414584,-0.005063088481738531
2016-05-02,-0.0033158430519071302,0.007809946553678726
2016-05-03,-0.0022719815363839713,-0.00867663846010247
2016-05-04,-0.006099544616944952,-0.005936889314754001
2016-05-05,-0.0011455609291021185,-0.0002390079429954728
2016-05-06,0.009093143278446902,0.003174639194507556
2016-05-09,-0.020539032310440075,0.0007534966412710009
2016-05-10,0.002735192660833885,0.012483643839788838
2016-05-11,0.009423044897758803,-0.009561518249023626
2016-05-12,-0.007861111827846878,-0.0001694651417848414
2016-05-13,0.004539410546734457,-0.008478288992748939
2016-05-16,0.0007394955282187254,0.009796652584981969
2016-05-17,0.003448259356775063,-0.009411297372666105
2016-05-18,-0.01734579432706762,0.00020517875938574903
2016-05-19,-0.0019150291742719983,-0.0037067077457677566
2016-05-20,-0.001334812680366726,0.006019503914256319
2016-05-23,-0.0028401637527371015,-0.0020854588262010365
2016-05-24,-0.01734104002661363,0.013681382915580853
2016-05-25,-0.002728047671064493,0.006974740416216374
2016-05-26,-0.0034193963903385027,-0.00021044370918177346
2016-05-27,-0.008234679906764852,0.0042868573656227316
2016-05-31,0.003805526626737832,-0.0010052632800822137
2016-06-01,-0.0010339135108375919,0.0011350423498972528
2016-06-02,-0.002328825214269137,0.0028246782448091423
2016-06-03,0.02775135346678237,-0.0029118146788911226
2016-06-06,0.00033648217538218006,0.0048972810511889175
2016-06-07,-0.0008408846424635685,0.001289446391868232
2016-06-08,0.0148123379902374,0.00330956635586821
2016-06-09,0.005556460349038561,-0.00171775869182611
2016-06-10,0.004041220618556718,-0.00917518113312521
2016-06-13,0.007392812672791349,-0.008115191023280288
2016-06-14,0.0010599967470645844,-0.0017988855029992257
2016-06-15,0.007412258876246414,-0.0018407126972377341
2016-06-16,-0.010511020375161717,0.0031329905865316032
2016-06-17,0.012828893924551998,-0.0032579651646926777
2016-06-20,-0.005970133262689803,0.005808185112367248
2016-06-21,-0.019235476172676513,0.002712061442457836
2016-06-22,0.0004965739985625106,-0.0016515635798043382
2016-06-23,-0.006534334052368362,0.013364078570495375
2016-06-24,0.04903837274965972,-0.03591979991551375
2016-06-27,0.005396825396825511,-0.018096502120201086
2016-06-28,-0.01073571203031276,0.01777016520887531
2016-06-29,0.004149345675071858,0.01703267271049458
2016-06-30,0.005006397171214205,0.013565044272757953
2016-07-01,0.015339629830476653,0.0019486024753911924
2016-07-05,0.00825478519570777,-0.006847477275030989
2016-07-06,0.005870047069822748,0.005352962934909389
2016-07-07,-0.0037625049147663736,-0.000871577782587063
2016-07-08,0.0060120161086782975,0.015253349299217511
2016-07-11,-0.009423927078641703,0.003408615584790109
2016-07-12,-0.016551868790030677,0.0070092934627346
2016-07-13,0.009201769418768935,0.00013476772627241118
2016-07-14,-0.007715125826013969,0.005259203949780522
2016-07-15,-0.003848315340480468,-0.0009289474292316635
2016-07-18,0.0015768291257278744,0.002382295291673886
2016-07-19,0.0013381454554617367,-0.0014351739837110689
2016-07-20,-0.01430705144491029,0.004270300527854598
2016-07-21,0.015232506700953108,-0.003612529073708126
2016-07-22,-0.007462725668592518,0.004553964517894249
2016-07-25,-0.006964756738658595,-0.003011475203867131
2016-07-26,0.004224109315182023,0.00032278462630763727
2016-07-27,0.016111103174603292,-0.0011985423438815035
2016-07-28,-0.0028899086377404126,0.0016062092674702377
2016-07-29,0.010339902543007984,0.0016313092282023156
2016-08-01,0.00186079242861803,-0.0012697873921424518
2016-08-02,0.008125700293099447,-0.006361619668044383
2016-08-03,-0.004759422591251394,0.0031339433893435853
2016-08-04,0.0016968839967705929,0.0002125719185825936
2016-08-05,-0.017863956951719162,0.00860349636132618
2016-08-08,-0.0008624147190336995,-0.0009071652887537862
2016-08-09,0.004080327933453587,0.000389793635491964
2016-08-10,0.004688957523358628,-0.0028646859977113914
2016-08-11,-0.006922837693261408,0.004734588091577452
2016-08-12,-0.0021147959914591397,-0.0007960462665462797
2016-08-15,0.00345364201799625,0.0027929089824627606
2016-08-16,0.00492807430938913,-0.0054790770207289174
2016-08-17,0.00023350976700009518,0.0018685899424382146
2016-08-18,0.00474708949416347,0.0021996173913669814
2016-08-19,-0.008829680049340372,-0.0014402716807317972
2016-08-22,-0.0014847385990095496,-0.0005633228782352395
2016-08-23,-0.00015649554043273284,0.0019517690543742194
2016-08-24,-0.011114636645043308,-0.005240276882137795
2016-08-25,-0.0008706110771129483,-0.001365227301395766
2016-08-26,-0.00142596843636289,-0.0015788167596264557
2016-08-29,0.001983339897262848,0.005228047337119568
2016-08-30,-0.0100554550263946,-0.001953680655931489
2016-08-31,-0.001999520131164667,-0.002375864254739679
2016-09-01,0.0040872095214554705,-4.1384648208353525e-05
2016-09-02,0.010216290125179217,0.004201041315648579
2016-09-06,0.01690769534644887,0.002981678758352535
2016-09-07,-0.0034185609204420153,-0.00014638505859998485
2016-09-08,-0.005301379736450285,-0.0022230135011277463
2016-09-09,-0.006583556911468169,-0.024522068857295465
2016-09-12,-0.0012623589743590014,0.014677052525391865
2016-09-13,-0.006635563840289516,-0.014830674013266876
2016-09-14,0.0034194831013916183,-0.0005876766500768626
2016-09-15,-0.006419377080361444,0.010109273250546558
2016-09-16,-0.0024727206874199936,-0.0037722949071267164
2016-09-19,0.002079018104574004,-1.860309730772336e-05
2016-09-20,0.0009575646345356681,0.00029913841439488387
2016-09-21,0.014588607866890868,0.01091716215408689
2016-09-22,0.0023572169959271694,0.0064997846811665205
2016-09-23,0.0006271223641922674,-0.005736774814255385
2016-09-26,-0.0007833842415451153,-0.008587762454059567
2016-09-27,-0.007291258158574898,0.0064441700612607455
2016-09-28,-0.0031590743209822802,0.005296553758763478
2016-09-29,-0.0011884091175058398,-0.009321411325290296
2016-09-30,-0.0034108114539540546,0.007967969361337035
2016-10-03,-0.002546951628040084,-0.0032606958242220596
2016-10-04,-0.03471113150335137,-0.004955562300028915
2016-10-05,-0.001570653868143701,0.00429669054167503
2016-10-06,-0.009273017132580108,0.00048156019948386586
2016-10-07,0.0006685107581978489,-0.003253483681710745
2016-10-10,0.0035076499667221483,0.004605905098135743
2016-10-11,-0.005076572733802465,-0.012446471763257416
2016-10-12,0.0015892513193831448,0.0011465894253985809
2016-10-13,0.002421922539200372,-0.0030992638350910706
2016-10-14,-0.005581921232874487,0.00020160417815362486
2016-10-17,0.002680956746975882,-0.0030379938212078406
2016-10-18,0.006183138368983876,0.006160403479896548
2016-10-19,0.0057299701998001495,0.002191970828747003
2016-10-20,-0.0030550986454042084,-0.001375723874264545
2016-10-21,0.0007454364874182051,-8.41417022030555e-05
2016-10-24,-0.0022345774685993414,0.004749839534638145
2016-10-25,0.0075481338345742,-0.0037977277794559727
2016-10-26,-0.005598090017303936,-0.0017404114266579285
2016-10-27,0.0018213510901452512,-0.00298672693338764
2016-10-28,0.004710354438305142,-0.0031082993655890956
2016-10-31,0.0029610132758510765,-0.00012227651805640782
2016-11-01,0.006478604125330412,-0.006786883176217451
2016-11-02,0.007414617271703339,-0.006525500629458225
2016-11-03,0.005338110686979203,-0.004423400698294833
2016-11-04,0.0007240225086719843,-0.0016661305078947697
2016-11-07,-0.018007854473895413,0.022223544015960606
2016-11-08,-0.004175218924679203,0.003771974424148228
2016-11-09,-0.0006576866216515542,0.011077020670818172
2016-11-10,-0.014889750162713877,0.0019507456248868404
2016-11-11,-0.022129453027139867,-0.0013979501669952876
